run_id,source_file,window_start_ms,window_end_ms,duration_s,mq2_last,temp_last,humidity_last,flame_last,mq2_mean,mq2_std,mq2_min,mq2_max,mq2_range,mq2_delta,mq2_slope_per_s,temp_mean,temp_std,temp_delta,temp_slope_per_s,humidity_mean,humidity_std,humidity_delta,humidity_slope_per_s,flame_count,flame_fraction,label,anomaly_label,phase
run_1,sentinel_data_20260911_153823.csv,50065,72643,22.578,146.0,28.8,74.9,0,135.6,5.2573757712379665,131.0,146.0,15.0,11.0,0.5556547812286387,28.75,0.05000000000000071,0.0,-0.0007246604218680788,74.99,0.06999999999999601,-0.09999999999999432,-0.006522868280539812,0,0.0,normal,0,unknown
run_1,sentinel_data_20260911_153823.csv,52573,75152,22.579,141.0,28.7,74.9,0,136.2,5.491812087098392,131.0,146.0,15.0,10.0,0.6570986961894238,28.74,0.04898979485566426,0.0,-0.0004831372984196937,74.97999999999999,0.07483314773547457,-0.19999999999998863,-0.00821371925793722,0,0.0,normal,0,unknown
run_1,sentinel_data_20260911_153823.csv,55082,77660,22.578,141.0,28.8,74.7,0,137.2,5.362835071116769,131.0,146.0,15.0,10.0,0.623287979626931,28.75,0.05000000000000071,0.10000000000000142,-0.00024161300453552588,74.94000000000001,0.10198039027185324,-0.29999999999999716,-0.011112734471021542,0,0.0,normal,0,unknown
run_1,sentinel_data_20260911_153823.csv,57591,80169,22.578,140.0,28.8,74.8,0,138.1,4.988987873306568,131.0,146.0,15.0,9.0,0.5194051672726455,28.76,0.04898979485566426,0.0,-0.0004831851550630443,74.92,0.10770329614268845,-0.20000000000000284,-0.012562197724043062,0,0.0,normal,0,unknown
run_1,sentinel_data_20260911_153823.csv,60099,82678,22.579,141.0,28.7,74.6,0,139.1,4.437341546466758,132.0,146.0,14.0,7.0,0.39377545719880275,28.75,0.05000000000000071,-0.10000000000000142,-0.000724810997154854,74.88000000000001,0.14000000000000035,-0.4000000000000057,-0.017393538035616506,0,0.0,normal,0,unknown
run_1,sentinel_data_20260911_153823.csv,62608,85186,22.578,142.0,28.6,74.8,0,139.9,4.158124577258358,132.0,146.0,14.0,10.0,0.3213084983107364,28.73,0.06403124237432868,-0.1999999999999993,-0.00265736427594773,74.86,0.13564659966250603,-0.29999999999999716,-0.015944493809484647,0,0.0,normal,0,unknown
run_1,sentinel_data_20260911_153823.csv,65117,87695,22.578,142.0,28.7,74.8,0,140.9,3.2388269481403293,135.0,146.0,11.0,6.0,0.1570318896014256,28.72,0.060000000000000143,0.0,-0.001449446910748016,74.83,0.11000000000000254,-0.20000000000000284,-0.010871275544130142,0,0.0,normal,0,unknown
run_1,sentinel_data_20260911_153823.csv,67625,90204,22.579,142.0,28.7,74.8,0,141.5,2.80178514522438,135.0,146.0,11.0,7.0,0.05073654225292286,28.72,0.060000000000000143,0.0,-0.0024157250105787255,74.80999999999999,0.09433981132056926,-0.10000000000000853,-0.007005856752648848,0,0.0,normal,0,unknown
run_1,sentinel_data_20260911_153823.csv,70134,92713,22.579,145.0,28.7,74.7,0,142.5,1.9621416870348585,140.0,146.0,6.0,0.0,-0.04589862112707475,28.72,0.060000000000000143,0.0,-0.003382076644378732,74.79,0.09433981132056851,-0.20000000000000284,-0.007005856752648677,0,0.0,normal,0,unknown
run_1,sentinel_data_20260911_153823.csv,72643,95221,22.578,144.0,28.7,74.8,0,142.4,1.8547236990991407,140.0,146.0,6.0,-2.0,0.05315023866851336,28.72,0.060000000000000143,-0.10000000000000142,-0.004348494809887606,74.78,0.08717797887081537,-0.10000000000000853,-0.0038653843590493423,0,0.0,normal,0,unknown
run_1,sentinel_data_20260911_153823.csv,75152,97730,22.578,143.0,28.7,74.9,0,142.1,1.445683229480096,140.0,145.0,5.0,2.0,0.16186201944690212,28.709999999999997,0.05385164807134508,0.0,-0.0026574027951725494,74.78,0.08717797887081535,0.0,0.0019326250625779405,0,0.0,normal,0,unknown
run_1,sentinel_data_20260911_153823.csv,77660,100239,22.579,143.0,28.7,74.8,0,142.3,1.4177446878757827,140.0,145.0,5.0,2.0,0.15219490223371893,28.709999999999997,0.05385164807134508,-0.10000000000000142,-0.0031404624751177695,74.77,0.07810249675906757,0.09999999999999432,0.005556113953080651,0,0.0,normal,0,unknown
run_1,sentinel_data_20260911_153823.csv,80169,102748,22.579,144.0,28.6,74.9,0,142.6,1.42828568570857,140.0,145.0,5.0,4.0,0.15460983001715914,28.690000000000005,0.05385164807134461,-0.1999999999999993,-0.003140470645490192,74.78999999999999,0.08306623862918304,0.10000000000000853,0.006522427069365068,0,0.0,normal,0,unknown
run_1,sentinel_data_20260911_153823.csv,82678,105257,22.579,141.0,28.7,75.1,0,142.7,1.2688577540449522,141.0,145.0,4.0,0.0,0.050728646093340234,28.68,0.03999999999999915,0.0,3.8516433200632434e-08,74.82000000000001,0.12489995996796838,0.5,0.013528088316611592,0,0.0,normal,0,unknown
run_1,sentinel_data_20260911_153823.csv,85186,107765,22.579,140.0,28.6,75.2,0,142.6,1.42828568570857,140.0,145.0,5.0,-2.0,-0.053144332609165755,28.669999999999998,0.04582575694955742,0.0,-0.0012077924770857768,74.88000000000001,0.14696938456699105,0.4000000000000057,0.015943723461468166,0,0.0,normal,0,unknown
run_1,sentinel_data_20260911_153823.csv,87695,110274,22.579,142.0,28.6,75.1,0,142.6,1.42828568570857,140.0,145.0,5.0,0.0,-0.0821347881687875,28.670000000000005,0.04582575694955742,-0.09999999999999787,-0.004589915808219505,74.91,0.15779733838059448,0.29999999999999716,0.018601280320512118,0,0.0,normal,0,unknown
run_1,sentinel_data_20260911_153823.csv,90204,112783,22.579,140.0,28.7,75.0,0,142.4,1.624807680927192,140.0,145.0,5.0,-2.0,-0.15460835936145997,28.669999999999998,0.04582575694955742,0.0,-0.0031404443843660876,74.93,0.15524174696259957,0.20000000000000284,0.017634966037943112,0,0.0,normal,0,unknown
run_1,sentinel_data_20260911_153823.csv,92713,115292,22.579,141.0,28.6,75.0,0,142.3,1.676305461424021,140.0,145.0,5.0,-4.0,-0.19567331990208117,28.660000000000004,0.048989794855662516,-0.09999999999999787,-0.003865143914408916,74.95,0.14999999999999908,0.29999999999999716,0.015702111043304746,0,0.0,normal,0,unknown
run_1,sentinel_data_20260911_153823.csv,95221,117801,22.58,143.0,28.6,75.2,0,142.1,1.445683229480096,140.0,144.0,4.0,-1.0,-0.10870405425219687,28.65,0.04999999999999894,-0.09999999999999787,-0.004106636119841356,75.0,0.1414213562373095,0.4000000000000057,0.01449406647408517,0,0.0,normal,0,unknown
run_1,sentinel_data_20260911_153823.csv,97730,120310,22.58,144.0,28.5,75.1,0,142.1,1.445683229480096,140.0,144.0,4.0,1.0,-0.01690577896829044,28.630000000000003,0.06403124237432785,-0.1999999999999993,-0.006039219748383749,75.03,0.12688577540449436,0.19999999999998863,0.011353575987506085,0,0.0,normal,0,unknown
run_1,sentinel_data_20260911_153823.csv,100239,122818,22.579,145.0,28.6,75.2,0,142.3,1.676305461424021,140.0,145.0,5.0,2.0,0.07005791964831225,28.620000000000005,0.05999999999999943,-0.09999999999999787,-0.004831485040242287,75.06,0.12806248474865722,0.4000000000000057,0.011595302189897466,0,0.0,normal,0,unknown
run_1,sentinel_data_20260911_153823.csv,102748,125327,22.579,144.0,28.6,75.2,0,142.4,1.7435595774162693,140.0,145.0,5.0,0.0,0.12562013301604483,28.610000000000003,0.05385164807134461,0.0,-0.0031405033254010965,75.10000000000001,0.1,0.29999999999999716,0.007730173446671879,0,0.0,normal,0,unknown
run_1,sentinel_data_20260911_153823.csv,105257,127836,22.579,146.0,28.6,75.1,0,142.6,2.009975124224178,140.0,146.0,6.0,5.0,0.24640450455031587,28.610000000000003,0.05385164807134461,-0.09999999999999787,-0.0036236137801816974,75.12,0.07483314773548065,0.0,0.0024155884573658494,0,0.0,normal,0,unknown
run_1,sentinel_data_20260911_153823.csv,107765,130345,22.58,145.0,28.6,75.1,0,143.0,2.04939015319192,140.0,146.0,6.0,5.0,0.2560622086633417,28.600000000000005,0.044721359549995635,0.0,-0.0014494959310884063,75.12,0.07483314773548065,-0.10000000000000853,0.0014492648436540665,0,0.0,normal,0,unknown
run_1,sentinel_data_20260911_153823.csv,110274,132853,22.579,144.0,28.6,75.2,0,143.4,1.8,140.0,146.0,6.0,2.0,0.1980927121009785,28.600000000000005,0.044721359549995635,0.0,-0.001449565963504312,75.12,0.07483314773548065,0.10000000000000853,0.005314535969451188,0,0.0,normal,0,unknown
run_1,sentinel_data_20260911_153823.csv,112783,135362,22.579,146.0,28.6,75.2,0,143.8,1.8867962264113207,140.0,146.0,6.0,6.0,0.21742270950644352,28.600000000000005,0.044721359549995635,-0.09999999999999787,-0.001449607986202216,75.13000000000002,0.07810249675906847,0.20000000000000284,0.006522542622014081,0,0.0,normal,0,unknown
run_1,sentinel_data_20260911_153823.csv,115292,137871,22.579,147.0,28.5,75.3,0,144.5,1.6278820596099706,141.0,147.0,6.0,6.0,0.1860174895381785,28.580000000000002,0.04000000000000057,-0.10000000000000142,-0.0009664146628731388,75.16,0.08000000000000149,0.29999999999999716,0.00676413228167192,0,0.0,normal,0,unknown
run_1,sentinel_data_20260911_153823.csv,117801,140380,22.579,147.0,28.6,75.3,0,145.1,1.3,143.0,147.0,4.0,4.0,0.1473637159636371,28.580000000000005,0.04000000000000057,0.0,-7.703509957229763e-08,75.19,0.07000000000000149,0.09999999999999432,0.005556214332978725,0,0.0,normal,0,unknown
run_1,sentinel_data_20260911_153823.csv,120310,142888,22.578,144.0,28.6,75.4,0,145.2,1.1661903789690602,144.0,147.0,3.0,0.0,0.06764550141180231,28.580000000000005,0.04000000000000057,0.10000000000000142,0.000966226741211186,75.21000000000001,0.09433981132056851,0.30000000000001137,0.010387755977816989,0,0.0,normal,0,unknown
run_1,sentinel_data_20260911_153823.csv,122818,145397,22.579,145.0,28.5,75.4,0,145.3,1.1,144.0,147.0,3.0,0.0,0.0314089433853783,28.580000000000002,0.04000000000000057,-0.10000000000000142,-0.002898946349556083,75.24,0.10198039027185826,0.20000000000000284,0.011595554292925615,0,0.0,normal,0,unknown
run_1,sentinel_data_20260911_153823.csv,125327,147906,22.579,144.0,28.7,75.5,0,145.2,1.1661903789690602,144.0,147.0,3.0,0.0,-0.004828221522166047,28.590000000000003,0.05385164807134508,0.09999999999999787,0.0002416036657182074,75.27,0.12688577540449728,0.29999999999999716,0.016185712296635252,0,0.0,normal,0,unknown
run_1,sentinel_data_20260911_153823.csv,127836,150415,22.579,144.0,28.5,75.4,0,145.2,1.1661903789690602,144.0,147.0,3.0,-2.0,-0.0628078722078122,28.580000000000002,0.060000000000000143,-0.10000000000000142,-0.0014494924335529949,75.28999999999999,0.13000000000000267,0.30000000000001137,0.017151922696103793,0,0.0,normal,0,unknown
run_1,sentinel_data_20260911_153823.csv,130345,152924,22.579,144.0,28.6,75.3,0,145.0,1.1832159566199232,144.0,147.0,3.0,-1.0,-0.06763870834356296,28.580000000000005,0.060000000000000143,0.0,-0.0004831501380682998,75.31,0.11357816691600739,0.20000000000000284,0.01232003964749153,0,0.0,normal,0,unknown
run_1,sentinel_data_20260911_153823.csv,132853,155433,22.58,143.0,28.7,75.1,0,144.8,1.32664991614216,143.0,147.0,4.0,-1.0,-0.11111877788607775,28.590000000000003,0.06999999999999988,0.09999999999999787,0.002657293663278281,75.31,0.1135781669160074,-0.10000000000000853,0.0021737817217640635,0,0.0,normal,0,unknown
run_1,sentinel_data_20260911_153823.csv,135362,157941,22.579,141.0,28.6,75.3,0,144.5,1.746424919657298,141.0,147.0,6.0,-5.0,-0.21499553803158986,28.590000000000003,0.06999999999999988,0.0,0.003140511494984106,75.32,0.1077032961426924,0.09999999999999432,-0.000966628242972729,0,0.0,normal,0,unknown
run_1,sentinel_data_20260911_153823.csv,137871,160450,22.579,141.0,28.6,75.3,0,144.0,1.9493588689617927,141.0,147.0,6.0,-6.0,-0.2512325628198857,28.590000000000003,0.06999999999999988,0.10000000000000142,0.003623687310894403,75.32999999999998,0.10049875621121182,0.0,-0.004590247862186199,0,0.0,normal,0,unknown
run_1,sentinel_data_20260911_153823.csv,140380,162959,22.579,141.0,28.6,75.2,0,143.4,1.8547236990991407,141.0,147.0,6.0,-6.0,-0.236737066649925,28.600000000000005,0.06324555320336736,0.0,0.001449537949725951,75.32000000000001,0.10770329614269242,-0.09999999999999432,-0.008213778771958533,0,0.0,normal,0,unknown
run_1,sentinel_data_20260911_153823.csv,142888,165468,22.58,140.0,28.6,75.3,0,142.7,1.676305461424021,140.0,145.0,5.0,-4.0,-0.2149935424282265,28.600000000000005,0.06324555320336736,0.0,0.0014494959310884833,75.32000000000001,0.10770329614269242,-0.10000000000000853,-0.009179794265742402,0,0.0,normal,0,unknown
run_1,sentinel_data_20260911_153823.csv,145397,167976,22.579,140.0,28.6,75.1,0,142.3,1.7916472867168918,140.0,145.0,5.0,-5.0,-0.23915758510428972,28.600000000000005,0.06324555320336736,0.10000000000000142,0.0014495659635044408,75.28999999999999,0.12206555615733952,-0.30000000000001137,-0.011837274673755447,0,0.0,normal,0,unknown
run_1,sentinel_data_20260911_153823.csv,147906,170485,22.579,141.0,28.6,75.1,0,141.9,1.57797338380595,140.0,144.0,4.0,-3.0,-0.19567743418691583,28.610000000000003,0.05385164807134461,-0.09999999999999787,-0.00120785258496933,75.26,0.12806248474865925,-0.4000000000000057,-0.013045354866876906,0,0.0,normal,0,unknown
run_1,sentinel_data_20260911_153823.csv,150415,172994,22.579,140.0,28.6,75.1,0,141.5,1.5,140.0,144.0,4.0,-4.0,-0.18118349032771305,28.600000000000005,0.044721359549995635,0.10000000000000142,0.0009664146628731814,75.22,0.10770329614269267,-0.30000000000001137,-0.010146391012118202,0,0.0,normal,0,unknown
run_1,sentinel_data_20260911_153823.csv,152924,175503,22.579,137.0,28.6,75.2,0,140.8,1.7776388834631178,137.0,144.0,7.0,-7.0,-0.21258875700828,28.610000000000003,0.02999999999999936,0.0,-0.0016909782119372318,75.20000000000002,0.08944271909999287,-0.09999999999999432,-0.0057978541815622425,0,0.0,normal,0,unknown
run_1,sentinel_data_20260911_153823.csv,155433,178011,22.578,139.0,28.6,75.1,0,140.3,1.4866068747318506,137.0,143.0,6.0,-4.0,-0.16669096453121263,28.610000000000003,0.02999999999999936,-0.09999999999999787,-0.002174154610630395,75.18,0.08717797887081503,0.0,-0.005314728553012466,0,0.0,normal,0,unknown
run_1,sentinel_data_20260911_153823.csv,157941,180520,22.579,139.0,28.6,75.2,0,139.9,1.2206555615733703,137.0,141.0,4.0,-2.0,-0.12320666426424876,28.600000000000005,3.552713678800501e-15,0.0,7.292397405890044e-32,75.19000000000001,0.08306623862918219,-0.09999999999999432,-0.007005629731432086,0,0.0,normal,0,unknown
run_1,sentinel_data_20260911_153823.csv,160450,183029,22.579,139.0,28.6,75.2,0,139.7,1.1874342087037917,137.0,141.0,4.0,-2.0,-0.11354409340709326,28.600000000000005,3.552713678800501e-15,0.0,0.0,75.18,0.07483314773548065,-0.09999999999999432,-0.0038650808826624127,0,0.0,normal,0,unknown
run_1,sentinel_data_20260911_153823.csv,162959,185538,22.579,139.0,28.6,75.1,0,139.5,1.118033988749895,137.0,141.0,4.0,-2.0,-0.09421681559319049,28.600000000000005,3.552713678800501e-15,0.0,4.861598270593364e-32,75.16,0.06633249580711065,-0.10000000000000853,-0.0024155896172894393,0,0.0,normal,0,unknown
run_1,sentinel_data_20260911_153823.csv,165468,188047,22.579,140.0,28.6,75.1,0,139.4,1.0198039027185568,137.0,141.0,4.0,0.0,-0.04348389759047451,28.600000000000005,3.552713678800501e-15,0.0,9.722914675361646e-32,75.15,0.06708203932499623,-0.20000000000000284,-0.00265715243542589,0,0.0,normal,0,unknown
run_1,sentinel_data_20260911_153823.csv,167976,190555,22.579,139.0,28.6,75.1,0,139.3,1.0049875621120892,137.0,141.0,4.0,-1.0,-0.03623685561234342,28.600000000000005,3.552713678800501e-15,0.0,-7.292150775889031e-32,75.13000000000001,0.045825756949562306,0.0,0.00024161241816314413,0,0.0,normal,0,unknown
run_1,sentinel_data_20260911_153823.csv,170485,193064,22.579,138.0,28.6,75.3,0,139.1,1.0440306508910548,137.0,141.0,4.0,-3.0,-0.045899928422025886,28.600000000000005,3.552713678800501e-15,0.0,9.723055608103917e-32,75.15,0.06708203932499623,0.20000000000000284,0.0031404829013576057,0,0.0,normal,0,unknown
run_1,sentinel_data_20260911_153823.csv,172994,195573,22.579,137.0,28.7,75.2,0,138.7,1.0049875621120892,137.0,140.0,3.0,-3.0,-0.041068357009181065,28.610000000000003,0.02999999999999936,0.09999999999999787,0.0021742071357801276,75.16,0.06633249580711065,0.10000000000000853,0.0028989043307154124,0,0.0,normal,0,unknown
run_1,sentinel_data_20260911_153823.csv,175503,198082,22.579,138.0,28.6,74.9,0,138.5,0.9219544457292888,137.0,140.0,3.0,1.0,-0.021742421497382987,28.610000000000003,0.02999999999999936,0.0,0.0016910173134120144,75.14,0.10198039027185547,-0.29999999999999716,-0.004348445783229405,0,0.0,normal,0,unknown
run_1,sentinel_data_20260911_153823.csv,178011,200590,22.579,139.0,28.6,75.2,0,138.7,0.7810249675906655,137.0,140.0,3.0,0.0,-0.05073057191500025,28.610000000000003,0.02999999999999936,0.0,0.0012078946033871997,75.14,0.10198039027185547,0.10000000000000853,-0.001449681512803699,0,0.0,normal,0,unknown
run_1,sentinel_data_20260911_153823.csv,180520,203099,22.579,139.0,28.7,75.3,0,138.7,0.7810249675906655,137.0,140.0,3.0,0.0,-0.036237118251073924,28.619999999999997,0.03999999999999915,0.09999999999999787,0.0028989463495559795,75.16,0.11135528725659972,0.09999999999999432,0.0009659816310872823,0,0.0,normal,0,unknown
run_1,sentinel_data_20260911_153823.csv,183029,205608,22.579,138.0,28.6,75.3,0,138.6,0.8,137.0,140.0,3.0,-1.0,-0.04348480803709106,28.620000000000005,0.03999999999999915,0.0,0.0019326367361362307,75.16999999999999,0.11874342087037817,0.09999999999999432,0.005072906621644116,0,0.0,normal,0,unknown
run_1,sentinel_data_20260911_153823.csv,185538,208117,22.579,135.0,28.7,75.3,0,138.2,1.32664991614216,135.0,140.0,5.0,-4.0,-0.11112813841455463,28.630000000000003,0.04582575694955742,0.09999999999999787,0.0031405476805896875,75.17999999999999,0.12489995996796677,0.20000000000000284,0.008696607943369601,0,0.0,normal,0,unknown
run_1,sentinel_data_20260911_153823.csv,188047,210626,22.579,136.0,28.7,75.4,0,137.9,1.445683229480096,135.0,140.0,5.0,-4.0,-0.1376999077532773,28.639999999999997,0.048989794855662516,0.09999999999999787,0.0038652396209791187,75.21000000000001,0.1374772708486748,0.30000000000001137,0.01135385492065472,0,0.0,normal,0,unknown
run_1,sentinel_data_20260911_153823.csv,190555,213135,22.58,140.0,28.6,75.1,0,137.9,1.445683229480096,135.0,140.0,5.0,1.0,-0.036236627985763346,28.640000000000004,0.048989794855662516,0.0,0.0019325456977340916,75.21000000000001,0.1374772708486748,0.0,0.006038911631804856,0,0.0,normal,0,unknown
run_1,sentinel_data_20260911_153823.csv,193064,215643,22.579,181.0,28.7,75.1,0,142.1,13.041855696180663,135.0,181.0,46.0,43.0,0.9300196584595832,28.65,0.04999999999999894,0.09999999999999787,0.002174114346144618,75.21000000000001,0.1374772708486748,-0.20000000000000284,0.0007245378807296404,0,0.0,normal,0,unknown
run_1,sentinel_data_20260911_153823.csv,195573,218152,22.579,174.0,28.7,75.0,0,145.7,16.037767924496226,135.0,181.0,46.0,37.0,1.5146277302773055,28.659999999999997,0.048989794855662516,0.0,0.001932543361667918,75.18,0.14696938456699046,-0.20000000000000284,-0.0014495519564800895,0,0.0,normal,0,unknown
run_1,sentinel_data_20260911_153823.csv,198082,220661,22.579,173.0,28.7,75.3,0,149.3,17.6411450875503,135.0,181.0,46.0,35.0,1.8769756281970524,28.659999999999997,0.048989794855662516,0.09999999999999787,0.0038650878914027824,75.19,0.15132745950421514,0.3999999999999915,0.001690896513880241,0,0.0,normal,0,unknown
run_1,sentinel_data_20260911_153823.csv,200590,223170,22.58,171.0,28.8,75.2,0,152.6,18.2931681236466,135.0,181.0,46.0,32.0,2.0484502963827196,28.68,0.05999999999999943,0.1999999999999993,0.005314471782839551,75.22,0.11661903789690718,0.0,-0.005797444520340569,0,0.0,normal,0,unknown
run_1,sentinel_data_20260911_153823.csv,203099,225678,22.579,169.0,28.7,75.0,0,155.6,18.276761201044348,135.0,181.0,46.0,30.0,2.043688878581489,28.689999999999998,0.05385164807134462,0.0,0.0036236067772952574,75.2,0.13416407864998825,-0.29999999999999716,-0.011112183560537227,0,0.0,normal,0,unknown
run_1,sentinel_data_20260911_153823.csv,205608,228187,22.579,170.0,28.7,75.1,0,158.7,17.821616088334974,135.0,181.0,46.0,32.0,1.9156917158549849,28.689999999999998,0.05385164807134461,0.09999999999999787,0.004106875969624986,75.18,0.13266499161421721,-0.20000000000000284,-0.010629226003890187,0,0.0,normal,0,unknown
run_1,sentinel_data_20260911_153823.csv,208117,230696,22.579,171.0,28.7,75.0,0,162.0,16.703293088490067,135.0,181.0,46.0,36.0,1.6330501165417024,28.7,0.044721359549995635,0.0,0.0019326367361362563,75.15,0.13601470508735558,-0.29999999999999716,-0.011354024161489375,0,0.0,normal,0,unknown
run_1,sentinel_data_20260911_153823.csv,210626,233205,22.579,173.0,28.8,75.1,0,165.8,14.274452704044384,136.0,181.0,45.0,37.0,1.15470915117845,28.71,0.05385164807134508,0.10000000000000142,0.004106875969625029,75.13000000000001,0.12688577540449672,-0.30000000000001137,-0.008454968094786047,0,0.0,normal,0,unknown
run_1,sentinel_data_20260911_153823.csv,213135,235714,22.579,175.0,28.7,75.0,0,169.7,10.40240356840668,140.0,181.0,41.0,35.0,0.5628392902851168,28.709999999999997,0.05385164807134508,0.09999999999999787,0.0036236067772952496,75.09,0.0943398113205655,-0.09999999999999432,-0.004106602849630627,0,0.0,normal,0,unknown
run_1,sentinel_data_20260911_153823.csv,215643,238222,22.579,176.0,28.8,75.1,0,173.3,3.318132004607411,169.0,181.0,12.0,-5.0,-0.08938349919633617,28.73,0.04582575694955905,0.10000000000000142,0.0026573514373232337,75.09,0.0943398113205655,0.0,-0.0036234544637517097,0,0.0,normal,0,unknown
run_1,sentinel_data_20260911_153823.csv,218152,240731,22.579,177.0,28.7,75.0,0,172.9,2.5079872407968904,169.0,177.0,8.0,3.0,0.19567902739013057,28.73,0.045825756949559045,0.0,0.0012079313702027174,75.08000000000001,0.09797958971132649,0.0,-0.005314535969171959,0,0.0,normal,0,unknown
run_1,sentinel_data_20260911_153823.csv,220661,243240,22.579,176.0,28.8,74.9,0,173.1,2.662705391138869,169.0,177.0,8.0,3.0,0.29231045564702723,28.740000000000002,0.04898979485566426,0.10000000000000142,0.0019326670821294527,75.07,0.1099999999999984,-0.3999999999999915,-0.011354000235227793,0,0.0,normal,0,unknown
run_1,sentinel_data_20260911_153823.csv,223170,245749,22.579,175.0,28.8,75.1,0,173.3,2.72213151776324,169.0,177.0,8.0,4.0,0.33095740111234334,28.75,0.05000000000000071,0.0,0.0021742421497383288,75.05,0.08062257748298356,-0.10000000000000853,-0.004589788587662834,0,0.0,normal,0,unknown
run_1,sentinel_data_20260911_153823.csv,225678,248257,22.579,177.0,28.7,74.9,0,173.9,2.808914381037628,169.0,177.0,8.0,8.0,0.3502836575173152,28.74,0.04898979485566426,0.0,0.0024158277232076853,75.02000000000001,0.07483314773547457,-0.09999999999999432,-0.003865085555246178,0,0.0,normal,0,unknown
run_1,sentinel_data_20260911_153823.csv,228187,250766,22.579,175.0,28.8,74.6,0,174.5,2.29128784747792,170.0,177.0,7.0,5.0,0.24399423381417748,28.75,0.05000000000000071,0.10000000000000142,0.0026574220536219394,74.97999999999999,0.14696938456698969,-0.5,-0.013528249388545636,0,0.0,normal,0,unknown
run_1,sentinel_data_20260911_153823.csv,230696,253275,22.579,176.0,28.8,74.8,0,175.1,1.7578395831246945,171.0,177.0,6.0,5.0,0.15702504965198474,28.76,0.04898979485566426,0.10000000000000142,0.0024158440675728686,74.94999999999999,0.14999999999999952,-0.20000000000000284,-0.014253075560498747,0,0.0,normal,0,unknown
run_1,sentinel_data_20260911_153823.csv,233205,255784,22.579,175.0,28.8,74.8,0,175.5,1.118033988749895,173.0,177.0,4.0,2.0,0.04589654938644806,28.77,0.045825756949559045,0.0,0.0016910937645866506,74.92999999999999,0.15524174696259982,-0.29999999999999716,-0.016185632924617877,0,0.0,normal,0,unknown
run_1,sentinel_data_20260911_153823.csv,235714,258292,22.578,173.0,28.8,74.6,0,175.5,1.118033988749895,173.0,177.0,4.0,-2.0,-0.07489075754183307,28.77,0.045825756949559045,0.10000000000000142,0.003140573942382063,74.88,0.17204650534085333,-0.4000000000000057,-0.018843058473211462,0,0.0,normal,0,unknown
run_1,sentinel_data_20260911_153823.csv,238222,260801,22.579,171.0,28.8,74.6,0,175.1,1.7578395831246945,171.0,177.0,6.0,-5.0,-0.18601415129656304,28.78,0.04000000000000057,0.0,0.0019326950956203655,74.84,0.18547236990991517,-0.5,-0.021741770222497334,0,0.0,normal,0,unknown
run_1,sentinel_data_20260911_153823.csv,240731,263310,22.579,173.0,28.8,74.7,0,174.8,1.8330302779823362,171.0,177.0,6.0,-4.0,-0.20775796766062427,28.78,0.04000000000000057,0.10000000000000142,0.002899051399009438,74.8,0.16733200530681663,-0.29999999999999716,-0.01787655277744323,0,0.0,normal,0,unknown
run_1,sentinel_data_20260911_153823.csv,243240,265819,22.579,173.0,28.7,74.8,0,174.4,1.7435595774162693,171.0,177.0,6.0,-3.0,-0.18843016460690024,28.78,0.04000000000000057,-0.10000000000000142,-0.0009662897714855038,74.78,0.1536229149573736,-0.10000000000000853,-0.012561612959112404,0,0.0,normal,0,unknown
run_1,sentinel_data_20260911_153823.csv,245749,268327,22.578,175.0,28.7,74.8,0,174.3,1.676305461424021,171.0,177.0,6.0,0.0,-0.13287013973071557,28.77,0.04582575694955905,-0.10000000000000142,-0.002174154610630472,74.76999999999998,0.14866068747318587,-0.29999999999999716,-0.008938126980189464,0,0.0,normal,0,unknown
run_1,sentinel_data_20260911_153823.csv,248257,270836,22.579,177.0,28.7,74.7,0,174.5,1.857417562100671,171.0,177.0,6.0,0.0,-0.055564454382775165,28.759999999999998,0.04898979485566426,0.0,-0.002898869314456511,74.72999999999999,0.10049875621121111,-0.20000000000000284,-0.0016909396943874538,0,0.0,normal,0,unknown
run_1,sentinel_data_20260911_153823.csv,250766,273345,22.579,180.0,28.7,74.8,0,174.8,2.4,171.0,180.0,9.0,5.0,0.1304544241112732,28.759999999999998,0.04898979485566426,-0.10000000000000142,-0.005797910208408898,74.72,0.08717797887081438,0.20000000000000284,0.0043486733933192825,0,0.0,normal,0,unknown
run_1,sentinel_data_20260911_153823.csv,253275,275854,22.579,181.0,28.7,74.8,0,175.4,3.0397368307141326,171.0,181.0,10.0,5.0,0.27057192092987736,28.75,0.05000000000000071,-0.10000000000000142,-0.006039455512596097,74.73999999999998,0.08000000000000042,0.0,0.002899177454854869,0,0.0,normal,0,unknown
run_1,sentinel_data_20260911_153823.csv,255784,278363,22.579,180.0,28.7,74.8,0,175.8,3.340658617698013,171.0,181.0,10.0,5.0,0.38652242144059207,28.74,0.04898979485566426,-0.10000000000000142,-0.005797763140385883,74.73999999999998,0.08000000000000042,0.0,0.005797994238985087,0,0.0,normal,0,unknown
run_1,sentinel_data_20260911_153823.csv,258292,280872,22.58,178.0,28.7,74.8,0,176.1,3.3896902513356584,171.0,181.0,10.0,5.0,0.41307860986809675,28.729999999999997,0.04582575694955905,-0.10000000000000142,-0.005072889127658254,74.73999999999998,0.08000000000000042,0.20000000000000284,0.008696474897089836,0,0.0,normal,0,unknown
run_1,sentinel_data_20260911_153823.csv,260801,283380,22.579,182.0,28.7,75.0,0,177.0,3.63318042491699,171.0,182.0,11.0,11.0,0.4589837608421406,28.72,0.04000000000000057,-0.10000000000000142,-0.0038651264070917657,74.78,0.09797958971132735,0.4000000000000057,0.01062905910381337,0,0.0,normal,0,unknown
run_1,sentinel_data_20260911_153823.csv,263310,285889,22.579,179.0,28.8,75.1,0,177.8,3.059411708155671,173.0,182.0,9.0,6.0,0.343031742654453,28.72,0.04000000000000057,0.0,0.0,74.83000000000001,0.11874342087037768,0.3999999999999915,0.01280322013374074,0,0.0,normal,0,unknown
run_1,sentinel_data_20260911_153823.csv,265819,288398,22.579,180.0,28.7,75.1,0,178.5,2.6551836094703507,173.0,182.0,9.0,7.0,0.2633115439046786,28.709999999999997,0.030000000000000426,0.0,0.0016909735452582243,74.87,0.1345362404707357,0.29999999999999716,0.0152188774543902,0,0.0,normal,0,unknown
run_1,sentinel_data_20260911_153823.csv,268327,290907,22.58,182.0,28.7,75.0,0,179.4,2.1071307505705477,175.0,182.0,7.0,7.0,0.19325572521058426,28.709999999999997,0.030000000000000426,0.0,0.0012077977321899357,74.89,0.13747727084867398,0.20000000000000284,0.01618480543083823,0,0.0,normal,0,unknown
run_1,sentinel_data_20260911_153823.csv,270836,293416,22.58,188.0,28.8,75.0,0,180.7,2.8653097563788803,177.0,188.0,11.0,11.0,0.2633119233642579,28.72,0.04000000000000057,0.10000000000000142,0.0028988132948170754,74.91,0.13747727084867412,0.29999999999999716,0.016184864370085476,0,0.0,normal,0,unknown
run_1,sentinel_data_20260911_153823.csv,273345,295925,22.58,191.0,28.7,74.9,0,182.1,3.935733730830885,178.0,191.0,13.0,11.0,0.3889299729930484,28.72,0.04000000000000057,0.0,0.0019325071831617917,74.92999999999999,0.11874342087037863,0.10000000000000853,0.010387052793919058,0,0.0,normal,0,unknown
run_1,sentinel_data_20260911_153823.csv,275854,298433,22.579,191.0,28.8,75.0,0,183.2,4.66476151587624,178.0,191.0,13.0,10.0,0.5266300206333494,28.73,0.04582575694955905,0.10000000000000142,0.0031403574322287904,74.94999999999999,0.11180339887498884,0.20000000000000284,0.00845467514784701,0,0.0,normal,0,unknown
run_1,sentinel_data_20260911_153823.csv,278363,300942,22.579,189.0,28.8,80.3,0,184.0,4.898979485566356,178.0,191.0,13.0,9.0,0.5942739344895938,28.740000000000002,0.04898979485566426,0.10000000000000142,0.003865086723335974,75.5,1.6031219541881392,5.5,0.12078501929592568,0,0.0,normal,0,unknown
run_1,sentinel_data_20260911_153823.csv,280872,303451,22.579,189.0,28.8,77.7,0,184.9,4.90815647672321,178.0,191.0,13.0,11.0,0.5966856293403311,28.75,0.05000000000000071,0.10000000000000142,0.0041066390340017325,75.78999999999999,1.7090640713560155,2.9000000000000057,0.15001442910362592,0,0.0,normal,0,unknown
run_1,sentinel_data_20260911_153823.csv,283380,305959,22.579,187.0,28.8,76.4,0,185.8,4.354308211415448,179.0,191.0,12.0,5.0,0.4590000423486137,28.76,0.04898979485566426,0.10000000000000142,0.0038651053951845506,75.95000000000002,1.6835973390332972,1.4000000000000057,0.1369716704721685,0,0.0,normal,0,unknown
run_1,sentinel_data_20260911_153823.csv,285889,308468,22.579,188.0,28.7,75.8,0,186.4,4.199999999999999,179.0,191.0,12.0,9.0,0.405864849435222,28.759999999999998,0.04898979485566426,-0.10000000000000142,0.0009662559219796101,76.02999999999999,1.6553247415537533,0.7000000000000028,0.10846952635315685,0,0.0,normal,0,unknown
run_1,sentinel_data_20260911_153823.csv,288398,310977,22.579,187.0,28.8,75.4,0,187.2,3.4,180.0,191.0,11.0,7.0,0.22226280169800952,28.76,0.04898979485566426,0.10000000000000142,0.0028989778644393665,76.06,1.6408534364774927,0.30000000000001137,0.07005902974824704,0,0.0,normal,0,unknown
run_1,sentinel_data_20260911_153823.csv,290907,313486,22.579,185.0,28.8,75.1,0,187.7,2.570992026436488,182.0,191.0,9.0,3.0,-0.016909227667484508,28.77,0.045825756949559045,0.10000000000000142,0.002174214139089374,76.05999999999999,1.640853436477493,0.09999999999999432,0.023674151325847884,0,0.0,normal,0,unknown
run_1,sentinel_data_20260911_153823.csv,293416,315994,22.578,186.0,28.8,74.9,0,188.1,1.8681541692269403,185.0,191.0,6.0,-2.0,-0.20534717182046924,28.78,0.04000000000000057,0.0,0.0009662979404987175,76.05,1.647573974060041,-0.09999999999999432,-0.02971531800500154,0,0.0,normal,0,unknown
run_1,sentinel_data_20260911_153823.csv,295925,318503,22.578,186.0,28.8,74.6,0,187.9,1.9723082923316018,185.0,191.0,6.0,-5.0,-0.2536629617941584,28.78,0.04000000000000057,0.10000000000000142,0.0019326250625779748,76.00999999999999,1.6771702358436957,-0.30000000000001137,-0.08914461809037658,0,0.0,normal,0,unknown
run_1,sentinel_data_20260911_153823.csv,298433,321012,22.579,185.0,28.8,74.7,0,187.3,1.8466185312619388,185.0,191.0,6.0,-6.0,-0.23433244499353542,28.790000000000003,0.030000000000000426,0.0,0.00024160366571828482,75.99000000000001,1.6914195221765649,-0.29999999999999716,-0.1471196845367552,0,0.0,normal,0,unknown
run_1,sentinel_data_20260911_153823.csv,300942,323520,22.578,187.0,28.8,74.6,0,186.9,1.374772708486752,185.0,189.0,4.0,-2.0,-0.14253615401336994,28.790000000000003,0.030000000000000426,0.0,0.0007247777325945663,75.95000000000002,1.7188659051828332,-5.700000000000003,-0.20365480049489887,0,0.0,normal,0,unknown
run_1,sentinel_data_20260911_153823.csv,303451,326029,22.578,186.0,28.8,74.6,0,186.6,1.2,185.0,189.0,4.0,-3.0,-0.10629893656059287,28.790000000000003,0.030000000000000426,0.0,0.0012079494644450899,75.38000000000001,0.9589577675789505,-3.1000000000000085,-0.11740970654166193,0,0.0,normal,0,unknown
run_1,sentinel_data_20260911_153823.csv,305959,328538,22.579,187.0,28.8,74.5,0,186.4,0.9165151389911679,185.0,188.0,3.0,0.0,-0.03382384792221122,28.790000000000003,0.030000000000000426,0.0,0.0016910768406696807,75.06,0.5969924622639742,-1.9000000000000057,-0.07489063384332575,0,0.0,normal,0,unknown
run_1,sentinel_data_20260911_153823.csv,308468,331046,22.578,189.0,28.8,74.7,0,186.6,1.2,185.0,189.0,4.0,1.0,0.038649583037105396,28.790000000000003,0.030000000000000426,0.10000000000000142,0.0021743279470020738,74.89000000000001,0.4011234224026323,-1.0999999999999943,-0.047109706968759976,0,0.0,normal,0,unknown
run_1,sentinel_data_20260911_153823.csv,310977,333555,22.578,189.0,28.7,74.6,0,186.7,1.3453624047073711,185.0,189.0,4.0,2.0,0.12803900021952955,28.79,0.030000000000000426,-0.10000000000000142,-0.0021743016839831063,74.77000000000001,0.2685144316419532,-0.8000000000000114,-0.029232213994583176,0,0.0,normal,0,unknown
run_1,sentinel_data_20260911_153823.csv,313486,336064,22.578,188.0,28.8,74.4,0,186.8,1.4000000000000001,185.0,189.0,4.0,3.0,0.16427575076827086,28.790000000000003,0.030000000000000426,0.0,-0.0016910925985723039,74.67,0.18999999999999953,-0.6999999999999886,-0.02053488293770336,0,0.0,normal,0,unknown
run_1,sentinel_data_20260911_153823.csv,315994,338572,22.578,188.0,28.8,74.4,0,187.1,1.3,185.0,189.0,4.0,2.0,0.1425336269029099,28.790000000000003,0.030000000000000426,0.0,-0.0012079342904531638,74.6,0.1414213562373095,-0.5,-0.014978562394333308,0,0.0,normal,0,unknown
run_1,sentinel_data_20260911_153823.csv,318503,341081,22.578,188.0,28.8,74.6,0,187.3,1.2688577540449522,185.0,189.0,4.0,2.0,0.1328714237513867,28.790000000000003,0.030000000000000426,0.0,-0.0007247672279943689,74.57000000000001,0.10049875621120687,0.0,-0.007006147405134749,0,0.0,normal,0,unknown
run_1,sentinel_data_20260911_153823.csv,321012,343590,22.578,189.0,28.8,74.5,0,187.6,1.2806248474865698,185.0,189.0,4.0,4.0,0.1352862522811229,28.790000000000003,0.030000000000000426,0.0,-0.00024157915405956953,74.56,0.10198039027185381,-0.20000000000000284,-0.0077308410911485475,0,0.0,normal,0,unknown
run_1,sentinel_data_20260911_153823.csv,323520,346098,22.578,189.0,28.8,74.3,0,188.0,1.0,186.0,189.0,3.0,2.0,0.09663358763159229,28.790000000000003,0.030000000000000426,0.0,0.00024157915405956975,74.52,0.11661903789690425,-0.29999999999999716,-0.00966347432362504,0,0.0,normal,0,unknown
run_1,sentinel_data_20260911_153823.csv,326029,348607,22.578,191.0,28.8,74.3,0,188.4,1.2806248474865698,186.0,191.0,5.0,5.0,0.1352885985351574,28.790000000000003,0.030000000000000426,0.0,0.0007247672279943689,74.48999999999998,0.12999999999999906,-0.29999999999999716,-0.012321042875904116,0,0.0,normal,0,unknown
run_1,sentinel_data_20260911_153823.csv,328538,351116,22.578,191.0,28.8,74.4,0,188.9,1.2206555615733703,187.0,191.0,4.0,4.0,0.12804041846554853,28.790000000000003,0.030000000000000426,0.0,0.0012079342904531638,74.47,0.12688577540449436,-0.09999999999999432,-0.011354566922197462,0,0.0,normal,0,unknown
run_1,sentinel_data_20260911_153823.csv,331046,353624,22.578,190.0,28.8,74.4,0,189.2,1.077032961426901,188.0,191.0,3.0,1.0,0.10146671151899624,28.790000000000003,0.030000000000000426,0.0,0.0016910925985723036,74.46,0.12806248474865592,-0.29999999999999716,-0.012079304384376053,0,0.0,normal,0,unknown
run_1,sentinel_data_20260911_153823.csv,333555,356133,22.578,190.0,28.7,74.4,0,189.3,1.1,188.0,191.0,3.0,1.0,0.11354750773101092,28.78,0.04000000000000057,0.0,0.0,74.42999999999999,0.10049875621120687,-0.19999999999998863,-0.0070059548015662535,0,0.0,normal,0,unknown
run_1,sentinel_data_20260911_153823.csv,336064,358642,22.578,192.0,28.7,74.4,0,189.6,1.3564659966250536,188.0,192.0,4.0,4.0,0.1642803731869087,28.78,0.04000000000000057,-0.10000000000000142,-0.003865420545574378,74.41,0.08306623862917979,0.0,-0.0031404904826188686,0,0.0,normal,0,unknown
run_1,sentinel_data_20260911_153823.csv,338572,361151,22.579,193.0,28.7,74.5,0,190.1,1.57797338380595,188.0,193.0,5.0,5.0,0.19568273918126802,28.77,0.04582575694955905,-0.10000000000000142,-0.005073230522009041,74.41999999999999,0.08717797887081243,0.09999999999999432,-0.0014492193028573335,0,0.0,normal,0,unknown
run_1,sentinel_data_20260911_153823.csv,341081,363660,22.579,196.0,28.7,74.3,0,190.9,2.211334438749598,188.0,196.0,8.0,8.0,0.2681570105153858,28.759999999999998,0.04898979485566426,-0.10000000000000142,-0.005797920709236336,74.41,0.09433981132056564,-0.29999999999999716,-0.0045898119237425235,0,0.0,normal,0,unknown
run_1,sentinel_data_20260911_153823.csv,343590,366168,22.578,195.0,28.7,74.3,0,191.6,2.2891046284519194,189.0,196.0,7.0,6.0,0.2802363709056864,28.75,0.05000000000000071,-0.10000000000000142,-0.006039513869474592,74.38,0.07483314773548065,-0.20000000000000284,-0.001932482662959612,0,0.0,normal,0,unknown
run_1,sentinel_data_20260911_153823.csv,346098,368677,22.579,196.0,28.8,74.2,0,192.3,2.4515301344262523,189.0,196.0,7.0,7.0,0.3068055550554766,28.75,0.05000000000000071,0.0,-0.0036236785596336736,74.35,0.0806225774829871,-0.09999999999999432,-0.002657287243081692,0,0.0,normal,0,unknown
run_1,sentinel_data_20260911_153823.csv,348607,371186,22.579,195.0,28.8,74.3,0,192.9,2.3,190.0,196.0,6.0,4.0,0.2778161265784076,28.75,0.05000000000000071,0.0,-0.001207892853211225,74.35,0.08062257748298708,0.0,-0.0050730729495043125,0,0.0,normal,0,unknown
run_1,sentinel_data_20260911_153823.csv,351116,373694,22.578,192.0,28.8,74.4,0,193.0,2.23606797749979,190.0,196.0,6.0,1.0,0.20776567108496943,28.75,0.05000000000000071,0.0,0.0012078257380509865,74.36,0.08000000000000149,0.0,-0.005314818426644172,0,0.0,normal,0,unknown
run_1,sentinel_data_20260911_153823.csv,353624,376203,22.579,191.0,28.7,74.5,0,193.0,2.23606797749979,190.0,196.0,6.0,1.0,0.11113522329935933,28.74,0.04898979485566426,-0.10000000000000142,0.0014493838829694149,74.37,0.09000000000000088,0.09999999999999432,-0.001208031750021975,0,0.0,normal,0,unknown
run_1,sentinel_data_20260911_153823.csv,356133,378712,22.579,190.0,28.7,74.5,0,193.0,2.23606797749979,190.0,196.0,6.0,0.0,-0.03381537385654491,28.729999999999997,0.04582575694955905,0.0,0.0021742141390893744,74.38,0.09797958971132766,0.09999999999999432,0.002415725010578597,0,0.0,normal,0,unknown
run_1,sentinel_data_20260911_153823.csv,358642,381221,22.579,191.0,28.7,74.4,0,193.1,2.118962010041709,190.0,196.0,6.0,-1.0,-0.15702520716604185,28.729999999999997,0.04582575694955905,0.0,0.0007246866883893895,74.38,0.09797958971132766,0.0,0.0033820766443787933,0,0.0,normal,0,unknown
run_1,sentinel_data_20260911_153823.csv,361151,383730,22.579,192.0,28.6,74.5,0,193.1,2.118962010041709,190.0,196.0,6.0,-1.0,-0.21017048505320837,28.720000000000006,0.060000000000000143,-0.09999999999999787,-0.002899114425561562,74.39,0.10440306508910582,0.0,0.006522631909589062,0,0.0,normal,0,unknown
run_1,sentinel_data_20260911_153823.csv,363660,386238,22.578,193.0,28.7,74.4,0,193.1,2.118962010041709,190.0,196.0,6.0,-3.0,-0.21500299603278364,28.72,0.060000000000000143,0.0,-0.0038654275409827567,74.38000000000001,0.09797958971132766,0.10000000000000853,0.009663145155315552,0,0.0,normal,0,unknown
run_1,sentinel_data_20260911_153823.csv,366168,388747,22.579,193.0,28.7,74.3,0,192.8,1.8867962264113207,190.0,196.0,6.0,-2.0,-0.1401128747830956,28.72,0.060000000000000143,0.0,-0.004831609929836348,74.37999999999998,0.09797958971132766,0.0,0.005797808661430894,0,0.0,normal,0,unknown
run_1,sentinel_data_20260911_153823.csv,368677,391256,22.579,193.0,28.6,74.4,0,192.6,1.7435595774162693,190.0,196.0,6.0,-3.0,-0.07730244641611282,28.71,0.06999999999999988,-0.1999999999999993,-0.007972131348185476,74.39,0.09433981132056624,0.20000000000000284,0.004106758666935197,0,0.0,normal,0,unknown
run_1,sentinel_data_20260911_153823.csv,371186,393765,22.579,193.0,28.8,74.3,0,192.3,1.3453624047073711,190.0,195.0,5.0,-2.0,0.02174319182232531,28.71,0.06999999999999988,0.0,-0.003623647044987207,74.39999999999999,0.07745966692414945,0.0,-0.0028989253392392093,0,0.0,normal,0,unknown
run_1,sentinel_data_20260911_153823.csv,373694,396273,22.579,193.0,28.8,74.4,0,192.1,1.0440306508910548,190.0,193.0,3.0,1.0,0.10870704782586221,28.71,0.06999999999999988,0.0,0.0007245133667198164,74.41,0.07000000000000048,0.0,-0.005556168813135101,0,0.0,normal,0,unknown
run_1,sentinel_data_20260911_153823.csv,376203,398782,22.579,192.0,28.6,74.4,0,192.1,1.0440306508910548,190.0,193.0,3.0,1.0,0.10387855778155179,28.690000000000005,0.06999999999999962,-0.09999999999999787,0.0007246499229020789,74.41,0.07000000000000048,-0.09999999999999432,-0.006039494030145657,0,0.0,normal,0,unknown
run_1,sentinel_data_20260911_153823.csv,378712,401291,22.579,197.0,28.7,74.4,0,192.7,1.7349351572897473,190.0,197.0,7.0,7.0,0.18118541622381293,28.689999999999998,0.06999999999999963,0.0,0.0012078257389814707,74.4,0.06324555320336848,-0.09999999999999432,-0.003865273472272392,0,0.0,normal,0,unknown
run_1,sentinel_data_20260911_153823.csv,381221,403800,22.579,201.0,28.7,74.5,0,193.8,2.8213471959331766,191.0,201.0,10.0,10.0,0.2898977163595871,28.689999999999998,0.06999999999999963,0.0,0.001690978211937266,74.4,0.06324555320336848,0.09999999999999432,0.0009664053241348625,0,0.0,normal,0,unknown
run_1,sentinel_data_20260911_153823.csv,383730,406308,22.578,192.0,28.6,74.4,0,193.9,2.7367864366808017,192.0,201.0,9.0,0.0,0.17636093556494054,28.68,0.07483314773547838,0.0,-2.138184522824748e-19,74.4,0.06324555320336848,-0.09999999999999432,0.0009664193317517279,0,0.0,normal,0,unknown
run_1,sentinel_data_20260911_153823.csv,386238,408817,22.579,200.0,28.6,74.5,0,194.7,3.195309061734091,192.0,201.0,9.0,7.0,0.2584953209576724,28.680000000000007,0.07483314773547838,-0.09999999999999787,-0.0038651590859419107,74.4,0.06324555320336848,0.09999999999999432,0.005797854181562311,0,0.0,normal,0,unknown
run_1,sentinel_data_20260911_153823.csv,388747,411326,22.579,193.0,28.6,74.6,0,194.7,3.195309061734091,192.0,201.0,9.0,0.0,0.1763591205977466,28.670000000000005,0.07810249675906607,-0.09999999999999787,-0.005073099211253931,74.42,0.08717797887081243,0.29999999999999716,0.010146391012117824,0,0.0,normal,0,unknown
run_1,sentinel_data_20260911_153823.csv,391256,413835,22.579,191.0,28.6,74.4,0,194.5,3.3541019662496847,191.0,201.0,10.0,-2.0,0.05073435363959026,28.660000000000004,0.07999999999999953,0.0,-0.005797815664012492,74.42999999999999,0.07810249675906447,0.0,0.006522581139563732,0,0.0,normal,0,unknown
run_1,sentinel_data_20260911_153823.csv,393765,416343,22.578,193.0,28.7,74.4,0,194.5,3.3541019662496847,191.0,201.0,10.0,0.0,-0.021737694295496306,28.669999999999998,0.07810249675906607,-0.10000000000000142,-0.006522656422431727,74.42999999999999,0.07810249675906446,0.10000000000000853,0.005073220015344788,0,0.0,normal,0,unknown
run_1,sentinel_data_20260911_153823.csv,396273,418852,22.579,190.0,28.7,74.3,0,194.2,3.6,190.0,201.0,11.0,-3.0,-0.159434538303374,28.660000000000004,0.06633249580710734,-0.10000000000000142,-0.0024158592401380017,74.42999999999999,0.07810249675906447,-0.10000000000000853,-0.0012077370323202972,0,0.0,normal,0,unknown
run_1,sentinel_data_20260911_153823.csv,398782,421361,22.579,191.0,28.7,74.6,0,194.0,3.714835124201342,190.0,201.0,11.0,-1.0,-0.2609011446381472,28.65,0.04999999999999894,0.09999999999999787,0.0021742404018545063,74.45,0.09219544457292594,0.19999999999998863,0.0016912256600276328,0,0.0,normal,0,unknown
run_1,sentinel_data_20260911_153823.csv,401291,423870,22.579,192.0,28.6,74.6,0,194.0,3.714835124201342,190.0,201.0,11.0,-5.0,-0.35753145238010775,28.65,0.04999999999999894,-0.09999999999999787,-0.000241601331033707,74.47,0.10049875621120559,0.19999999999998863,0.0036239044128559463,0,0.0,normal,0,unknown
run_1,sentinel_data_20260911_153823.csv,403800,426379,22.579,192.0,28.6,74.4,0,193.5,3.6124783736376886,190.0,201.0,11.0,-9.0,-0.32128771627524416,28.640000000000004,0.048989794855662516,-0.09999999999999787,-7.703286640126487e-08,74.47,0.10049875621120559,-0.09999999999999432,0.000241748392983411,0,0.0,normal,0,unknown
run_1,sentinel_data_20260911_153823.csv,406308,428887,22.579,197.0,28.6,74.7,0,193.1,2.9137604568666933,190.0,200.0,10.0,5.0,-0.04590327815122421,28.630000000000003,0.04582575694955742,0.0,0.0007246061570066561,74.49,0.12206555615733475,0.29999999999999716,0.006039309031652993,0,0.0,normal,0,unknown
run_1,sentinel_data_20260911_153823.csv,408817,431396,22.579,192.0,28.6,74.7,0,193.1,2.913760456866693,190.0,200.0,10.0,-8.0,-0.09905145083238322,28.630000000000003,0.04582575694955742,0.0,-0.0007248512629011875,74.52000000000001,0.1326649916142147,0.20000000000000284,0.008213517333870357,0,0.0,normal,0,unknown
run_1,sentinel_data_20260911_153823.csv,411326,433905,22.579,192.0,28.6,74.6,0,192.3,1.7916472867168916,190.0,197.0,7.0,-1.0,0.06039040579149618,28.630000000000003,0.04582575694955742,0.0,-0.0021743226867546057,74.53,0.13453624047073548,0.0,0.00942141018708143,0,0.0,normal,0,unknown
run_1,sentinel_data_20260911_153823.csv,413835,436414,22.579,192.0,28.6,74.6,0,192.2,1.7776388834631178,190.0,197.0,7.0,1.0,0.07246754862514816,28.630000000000003,0.04582575694955742,0.0,-0.0036237240774813807,74.53,0.13453624047073548,0.19999999999998863,0.01280326273655963,0,0.0,normal,0,unknown
run_1,sentinel_data_20260911_153823.csv,416343,438923,22.58,194.0,28.7,74.4,0,192.5,1.8027756377319946,190.0,197.0,7.0,1.0,0.07971399556610395,28.639999999999997,0.048989794855662516,0.0,-0.0028988132948169726,74.53,0.13453624047073548,0.0,0.006522089196098015,0,0.0,normal,0,unknown
run_1,sentinel_data_20260911_153823.csv,418852,441431,22.579,195.0,28.6,74.6,0,192.7,1.9519221295943134,190.0,197.0,7.0,5.0,0.14735622854405273,28.630000000000003,0.04582575694955742,-0.09999999999999787,-0.0021741266009969017,74.55,0.12845232578665008,0.29999999999999716,0.004589596006427252,0,0.0,normal,0,unknown
run_1,sentinel_data_20260911_153823.csv,421361,443940,22.579,197.0,28.6,74.7,0,193.4,2.1071307505705477,191.0,197.0,6.0,6.0,0.1690984515610153,28.620000000000005,0.03999999999999915,-0.09999999999999787,-0.00096623724858596,74.59,0.10440306508910406,0.10000000000000853,0.001207430649313398,0,0.0,normal,0,unknown
run_1,sentinel_data_20260911_153823.csv,423870,446449,22.579,195.0,28.6,74.6,0,193.8,1.9899748742132397,192.0,197.0,5.0,3.0,0.14010902308394638,28.610000000000003,0.02999999999999936,0.0,0.0007248127459096945,74.59,0.10440306508910406,0.0,0.0016905877905976476,0,0.0,normal,0,unknown
run_1,sentinel_data_20260911_153823.csv,426379,448958,22.579,192.0,28.6,74.6,0,193.8,1.9899748742132397,192.0,197.0,5.0,0.0,0.053139710659511744,28.610000000000003,0.02999999999999936,0.0,0.00024165093441023543,74.59,0.10440306508910406,0.19999999999998863,0.0021737029222783006,0,0.0,normal,0,unknown
run_1,sentinel_data_20260911_153823.csv,428887,451467,22.58,193.0,28.6,74.4,0,193.9,1.9209372712298545,192.0,197.0,5.0,-4.0,-0.012084005464011739,28.610000000000003,0.02999999999999936,0.0,-0.00024148753548797474,74.59,0.10440306508910406,-0.29999999999999716,-0.007005834562243034,0,0.0,normal,0,unknown
run_1,sentinel_data_20260911_153823.csv,431396,453975,22.579,196.0,28.6,74.4,0,193.8,1.7776388834631178,192.0,197.0,5.0,4.0,0.11595046580755829,28.610000000000003,0.02999999999999936,0.0,-0.0007246446732537727,74.55999999999999,0.11135528725659768,-0.29999999999999716,-0.008213743762626752,0,0.0,normal,0,unknown
run_1,sentinel_data_20260911_153823.csv,433905,456484,22.579,192.0,28.5,74.4,0,193.8,1.7776388834631178,192.0,197.0,5.0,0.0,0.02898442126817493,28.6,0.044721359549995635,-0.10000000000000142,-0.003381984438016908,74.53,0.10999999999999595,-0.19999999999998863,-0.007972208382168028,0,0.0,normal,0,unknown
run_1,sentinel_data_20260911_153823.csv,436414,458993,22.579,194.0,28.7,74.6,0,194.0,1.6733200530681511,192.0,197.0,5.0,2.0,-0.014499721447428553,28.609999999999996,0.05385164807134462,0.09999999999999787,-0.001207777302236764,74.53,0.10999999999999595,0.0,-0.004590108393176909,0,0.0,normal,0,unknown
run_1,sentinel_data_20260911_153823.csv,438923,461502,22.579,194.0,28.7,74.3,0,194.2,1.5362291495737217,192.0,197.0,5.0,0.0,-0.06764492932366485,28.619999999999997,0.05999999999999943,0.0,0.0004833018688204283,74.5,0.12649110640673247,-0.10000000000000853,-0.00773059595879497,0,0.0,normal,0,unknown
run_1,sentinel_data_20260911_153823.csv,441431,464010,22.579,194.0,28.6,74.7,0,194.2,1.5362291495737217,192.0,197.0,5.0,-1.0,-0.07730787373424004,28.610000000000003,0.05385164807134462,0.0,0.0021742719123900543,74.53,0.13453624047073548,0.10000000000000853,-0.0060397041155351595,0,0.0,normal,0,unknown
run_1,sentinel_data_20260911_153823.csv,443940,466519,22.579,192.0,28.7,74.5,0,193.9,1.6401219466856725,192.0,197.0,5.0,-5.0,-0.10388240953653038,28.619999999999997,0.05999999999999943,0.09999999999999787,0.0038653516736907993,74.52000000000001,0.13266499161421466,-0.20000000000000284,-0.004831911068024849,0,0.0,normal,0,unknown
run_1,sentinel_data_20260911_153823.csv,446449,469028,22.579,192.0,28.6,74.5,0,193.4,1.3564659966250536,192.0,196.0,4.0,-3.0,-0.06281310129455356,28.620000000000005,0.05999999999999943,0.0,0.0028990513990093444,74.5,0.1183215956619904,-0.09999999999999432,-0.0004833999210464457,0,0.0,normal,0,unknown
run_1,sentinel_data_20260911_153823.csv,448958,471537,22.579,190.0,28.6,74.4,0,192.9,1.57797338380595,190.0,196.0,6.0,-2.0,-0.09421912664617765,28.620000000000005,0.05999999999999942,0.0,0.0019326950956203228,74.47999999999999,0.11661903789690425,-0.19999999999998863,-2.69622848434995e-07,0,0.0,normal,0,unknown
run_1,sentinel_data_20260911_153823.csv,451467,474046,22.579,200.0,28.6,74.6,0,193.7,2.6095976701399777,190.0,200.0,10.0,7.0,0.03623876392327678,28.620000000000005,0.05999999999999942,0.0,0.0009663387925697229,74.47999999999999,0.11661903789690425,0.19999999999998863,0.005797532041786335,0,0.0,normal,0,unknown
run_1,sentinel_data_20260911_153823.csv,453975,476554,22.579,191.0,28.7,74.5,0,193.5,2.7294688127912363,190.0,200.0,10.0,-5.0,-0.04106217105112489,28.630000000000003,0.06403124237432785,0.09999999999999787,0.002174165117244078,74.49,0.11357816691600403,0.09999999999999432,0.004106563751336373,0,0.0,normal,0,unknown
run_1,sentinel_data_20260911_153823.csv,456484,479063,22.579,198.0,28.6,74.6,0,193.7,2.9681644159311658,190.0,200.0,10.0,6.0,0.12320969306652228,28.630000000000003,0.06403124237432785,0.10000000000000142,0.0007247357119267863,74.51,0.11357816691600402,0.19999999999998863,0.004106566081977492,0,0.0,normal,0,unknown
run_1,sentinel_data_20260911_153823.csv,458993,481572,22.579,199.0,28.7,74.4,0,194.4,3.2924155266308652,190.0,200.0,10.0,5.0,0.1932674785527724,28.65,0.04999999999999894,0.0,-0.0012078928532111824,74.50999999999999,0.11357816691600402,-0.19999999999998863,-0.0012081624721515195,0,0.0,normal,0,unknown
run_1,sentinel_data_20260911_153823.csv,461502,484081,22.579,193.0,28.5,74.5,0,194.3,3.318132004607411,190.0,200.0,10.0,-1.0,0.15219579499426739,28.630000000000003,0.06403124237432785,-0.1999999999999993,-0.003140537757402337,74.5,0.1095445115010322,0.20000000000000284,0.0009659874776871088,0,0.0,normal,0,unknown
run_1,sentinel_data_20260911_153823.csv,464010,486590,22.58,197.0,28.6,74.5,0,194.6,3.411744421846396,190.0,200.0,10.0,3.0,0.20292078211303746,28.620000000000005,0.05999999999999943,0.0,-0.001932670579072878,74.52000000000001,0.08717797887081145,-0.20000000000000284,-0.004348316229121741,0,0.0,normal,0,unknown
run_1,sentinel_data_20260911_153823.csv,466519,489098,22.579,195.0,28.7,74.5,0,194.7,3.407345007480164,190.0,200.0,10.0,3.0,0.19568063798903332,28.630000000000003,0.06403124237432785,0.0,-0.0007249528032307496,74.5,0.06324555320336399,0.0,-1.0690406092781027e-19,0,0.0,normal,0,unknown
run_1,sentinel_data_20260911_153823.csv,469028,491607,22.579,199.0,28.6,74.4,0,195.4,3.4985711369071804,190.0,200.0,10.0,7.0,0.2174237949373368,28.620000000000005,0.05999999999999943,0.0,0.00048296455632698313,74.49,0.06999999999999601,-0.09999999999999432,-0.0021741686187885575,0,0.0,normal,0,unknown
run_1,sentinel_data_20260911_153823.csv,471537,494116,22.579,194.0,28.7,74.5,0,195.6,3.352610922848042,190.0,200.0,10.0,4.0,0.09663450961621603,28.630000000000003,0.06403124237432785,0.09999999999999787,0.0016908574095381827,74.49,0.06999999999999601,0.09999999999999432,-0.0016910114775041023,0,0.0,normal,0,unknown
run_1,sentinel_data_20260911_153823.csv,474046,496625,22.579,196.0,28.6,74.5,0,196.2,2.7856776554368237,191.0,200.0,9.0,-4.0,-0.04347791007028497,28.630000000000003,0.06403124237432785,0.0,0.00024138132068042708,74.5,0.06324555320336399,-0.09999999999999432,-0.003865105398161662,0,0.0,normal,0,unknown
run_1,sentinel_data_20260911_153823.csv,476554,499134,22.58,195.0,28.7,74.6,0,195.7,2.491987158875422,191.0,199.0,8.0,4.0,0.031404934040972686,28.639999999999997,0.06633249580710733,0.0,0.0009661427157441793,74.5,0.06324555320336399,0.09999999999999432,0.0009663352895363746,0,0.0,normal,0,unknown
run_1,sentinel_data_20260911_153823.csv,479063,501642,22.579,193.0,28.6,74.4,0,195.9,2.1656407827707715,193.0,199.0,6.0,-5.0,-0.15219155820708452,28.630000000000003,0.06403124237432785,0.0,0.0016909787971649405,74.49,0.06999999999999601,-0.19999999999998863,-0.0012077154445915006,0,0.0,normal,0,unknown
run_1,sentinel_data_20260911_153823.csv,481572,504151,22.579,194.0,28.5,74.5,0,195.5,2.1095023109728985,193.0,199.0,6.0,-5.0,-0.13769824458641794,28.619999999999997,0.07483314773547836,-0.1999999999999993,-0.001932628565137908,74.47999999999999,0.05999999999999659,0.09999999999999432,0.0019328211500952855,0,0.0,normal,0,unknown
run_1,sentinel_data_20260911_153823.csv,484081,506660,22.579,194.0,28.6,74.5,0,195.0,1.7888543819998317,193.0,199.0,6.0,1.0,-0.0773036019258576,28.610000000000003,0.06999999999999963,0.10000000000000142,-0.00024157857064221889,74.49,0.05385164807134198,0.0,0.00024177115559969158,0,0.0,normal,0,unknown
run_1,sentinel_data_20260911_153823.csv,486590,509169,22.579,195.0,28.5,74.6,0,195.2,1.661324772583615,193.0,199.0,6.0,-2.0,-0.13044759605981684,28.610000000000003,0.06999999999999963,-0.10000000000000142,-0.005556199744068166,74.5,0.06324555320336399,0.09999999999999432,0.002899117920474622,0,0.0,normal,0,unknown
run_1,sentinel_data_20260911_153823.csv,489098,511677,22.579,194.0,28.7,74.4,0,194.9,1.5779733838059498,193.0,199.0,6.0,-1.0,-0.1087070478258622,28.619999999999997,0.07483314773547838,0.0,-0.003865278137412404,74.49,0.06999999999999601,-0.09999999999999432,0.0007250525967845393,0,0.0,normal,0,unknown
run_1,sentinel_data_20260911_153823.csv,491607,514186,22.579,193.0,28.6,74.4,0,194.7,1.676305461424021,193.0,199.0,6.0,-6.0,-0.1473621752616456,28.610000000000003,0.06999999999999963,0.0,-0.002174257909104269,74.47999999999999,0.07483314773547457,0.0,-0.0009659431135373591,0,0.0,normal,0,unknown
run_1,sentinel_data_20260911_153823.csv,494116,516695,22.579,194.0,28.6,74.3,0,194.2,0.8717797887081348,193.0,196.0,3.0,0.0,-0.048313029559257106,28.610000000000003,0.06999999999999963,-0.09999999999999787,-0.0026574477332910766,74.47,0.08999999999999757,-0.20000000000000284,-0.007005543357780174,0,0.0,normal,0,unknown
run_1,sentinel_data_20260911_153823.csv,496625,519204,22.579,192.0,28.6,74.5,0,194.0,1.0954451150103321,192.0,196.0,4.0,-4.0,-0.10146100376922323,28.600000000000005,0.06324555320336736,0.0,-0.00048320266206739696,74.47,0.08999999999999757,0.0,-0.005555983227680007,0,0.0,normal,0,unknown
run_1,sentinel_data_20260911_153823.csv,499134,521712,22.578,194.0,28.6,74.6,0,193.8,0.8717797887081347,192.0,195.0,3.0,-1.0,-0.04831518887136671,28.600000000000005,0.06324555320336736,-0.09999999999999787,-0.00048320966587572746,74.48,0.09797958971132416,0.0,-0.0019324534824224067,0,0.0,normal,0,unknown
run_1,sentinel_data_20260911_153823.csv,501642,524221,22.579,196.0,28.6,74.6,0,193.9,1.044030650891055,192.0,196.0,4.0,3.0,0.03140470645490181,28.590000000000003,0.05385164807134508,0.0,0.002174065321355372,74.48,0.09797958971132416,0.19999999999998863,0.003865313156140781,0,0.0,normal,0,unknown
run_1,sentinel_data_20260911_153823.csv,504151,526730,22.579,195.0,28.7,74.6,0,194.1,1.0440306508910548,192.0,196.0,4.0,1.0,0.031404624751176995,28.6,0.06324555320336736,0.1999999999999993,0.004831495545535707,74.5,0.09999999999999717,0.09999999999999432,0.0043484808037088235,0,0.0,normal,0,unknown
run_1,sentinel_data_20260911_153823.csv,506660,529239,22.579,194.0,28.6,74.6,0,194.1,1.0440306508910548,192.0,196.0,4.0,0.0,0.026572679834227574,28.610000000000003,0.05385164807134462,0.0,0.0021740653213553475,74.51,0.10440306508910242,0.09999999999999432,0.006522696692212884,0,0.0,normal,0,unknown
run_1,sentinel_data_20260911_153823.csv,509169,531748,22.579,195.0,28.6,74.5,0,194.2,1.077032961426901,192.0,196.0,4.0,0.0,0.043482742097478495,28.610000000000003,0.05385164807134461,0.10000000000000142,0.0016908521592895133,74.51,0.10440306508910242,-0.09999999999999432,0.006039357467636284,0,0.0,normal,0,unknown
run_1,sentinel_data_20260911_153823.csv,511677,534256,22.579,195.0,28.7,74.3,0,194.2,1.077032961426901,192.0,196.0,4.0,1.0,0.08213281567661544,28.630000000000003,0.04582575694955742,0.0,0.0007246061570066559,74.47999999999999,0.11661903789690377,-0.10000000000000853,0.003865220946902875,0,0.0,normal,0,unknown
run_1,sentinel_data_20260911_153823.csv,514186,536765,22.579,197.0,28.6,74.3,0,194.5,1.3601470508735443,192.0,197.0,5.0,4.0,0.1376963187368433,28.620000000000005,0.03999999999999915,0.0,0.0019325515311549059,74.46999999999998,0.12688577540449372,-0.10000000000000853,-0.0021741301017973737,0,0.0,normal,0,unknown
run_1,sentinel_data_20260911_153823.csv,516695,539274,22.579,195.0,28.6,74.3,0,194.7,1.2688577540449522,192.0,197.0,5.0,1.0,0.10870689025977436,28.620000000000005,0.03999999999999915,0.0,0.0009662372485859602,74.46,0.13564659966250436,0.0,-0.007730437226568718,0,0.0,normal,0,unknown
run_1,sentinel_data_20260911_153823.csv,519204,541783,22.579,195.0,28.6,74.3,0,194.8,1.2489995996796797,192.0,197.0,5.0,3.0,0.09662647946663354,28.620000000000005,0.03999999999999915,0.0,-7.703249423355115e-08,74.46,0.13564659966250436,-0.20000000000000284,-0.01546065269013017,0,0.0,normal,0,unknown
run_1,sentinel_data_20260911_153823.csv,521712,544292,22.58,195.0,28.6,74.2,0,195.1,0.8306623862918076,194.0,197.0,3.0,1.0,0.026571331855367995,28.620000000000005,0.03999999999999915,0.0,-0.0009663352895364093,74.42999999999999,0.1552417469625983,-0.3999999999999915,-0.02005001295443872,0,0.0,normal,0,unknown
run_1,sentinel_data_20260911_153823.csv,524221,546800,22.579,194.0,28.7,74.2,0,195.1,0.8306623862918076,194.0,197.0,3.0,-2.0,-0.026573899535703126,28.630000000000003,0.04582575694955742,0.09999999999999787,0.00024141983692753526,74.39000000000001,0.1577973383805927,-0.3999999999999915,-0.0205336275978718,0,0.0,normal,0,unknown
run_1,sentinel_data_20260911_153823.csv,526730,549309,22.579,193.0,28.6,74.1,0,194.8,0.9797958971132713,193.0,197.0,4.0,-2.0,-0.048315328958533375,28.630000000000003,0.04582575694955742,-0.09999999999999787,-0.0012080469211771527,74.34,0.16248076809271803,-0.5,-0.021258567563593643,0,0.0,normal,0,unknown
run_1,sentinel_data_20260911_153823.csv,529239,551818,22.579,193.0,28.6,74.3,0,194.6,1.1135528725660042,193.0,197.0,4.0,-1.0,-0.08213632884844721,28.620000000000005,0.03999999999999915,0.0,-1.5406796597091795e-07,74.31,0.13747727084867453,-0.29999999999999716,-0.015219103297537707,0,0.0,normal,0,unknown
run_1,sentinel_data_20260911_153823.csv,531748,554327,22.579,193.0,28.7,74.1,0,194.5,1.2041594578792296,193.0,197.0,4.0,-2.0,-0.13286564605380397,28.630000000000003,0.04582575694955742,0.09999999999999787,0.0012077539608386601,74.26,0.11135528725660125,-0.4000000000000057,-0.012078541030811995,0,0.0,normal,0,unknown
run_1,sentinel_data_20260911_153823.csv,534256,556836,22.58,192.0,28.7,74.1,0,194.2,1.4000000000000001,192.0,197.0,5.0,-3.0,-0.17392879768902203,28.639999999999997,0.048989794855662516,0.0,0.001932478005280563,74.22,0.08717797887081438,-0.20000000000000284,-0.009179607529219447,0,0.0,normal,0,unknown
run_1,sentinel_data_20260911_153823.csv,536765,559344,22.579,195.0,28.6,74.0,0,194.2,1.4000000000000001,192.0,197.0,5.0,-2.0,-0.13528369604779103,28.630000000000003,0.04582575694955742,0.0,0.00265735143732314,74.19,0.10440306508910582,-0.29999999999999716,-0.011837044161390201,0,0.0,normal,0,unknown
run_1,sentinel_data_20260911_153823.csv,539274,561853,22.579,196.0,28.6,74.2,0,194.1,1.2206555615733703,192.0,196.0,4.0,1.0,-0.021743997207376374,28.630000000000003,0.04582575694955742,0.0,0.0012079313702026743,74.17999999999999,0.09797958971132764,-0.09999999999999432,-0.008696712992146203,0,0.0,normal,0,unknown
run_1,sentinel_data_20260911_153823.csv,541783,564362,22.579,195.0,28.6,74.2,0,194.1,1.2206555615733703,192.0,196.0,4.0,0.0,0.021740145508227095,28.630000000000003,0.04582575694955742,0.0,-0.00024154005365074367,74.17,0.09000000000000088,-0.09999999999999432,-0.005073034432512512,0,0.0,normal,0,unknown
run_1,sentinel_data_20260911_153823.csv,544292,566871,22.579,197.0,28.6,74.3,0,194.3,1.4866068747318506,192.0,197.0,5.0,2.0,0.10870710037478974,28.630000000000003,0.04582575694955742,0.0,-0.0016909787971648973,74.16999999999999,0.09000000000000088,0.09999999999999432,0.001207985058321386,0,0.0,normal,0,unknown
run_1,sentinel_data_20260911_153823.csv,546800,569379,22.579,195.0,28.7,74.2,0,194.3,1.4866068747318506,192.0,197.0,5.0,1.0,0.14252678716197573,28.639999999999997,0.048989794855662516,0.0,-0.0009663002761364793,74.17,0.09000000000000088,0.0,0.0026573835340253688,0,0.0,normal,0,unknown
run_1,sentinel_data_20260911_153823.csv,549309,571888,22.579,193.0,28.7,74.5,0,194.2,1.5362291495737217,192.0,197.0,5.0,0.0,0.10629418591639105,28.639999999999997,0.048989794855662516,0.09999999999999787,0.0019326565780705103,74.2,0.13416407864998822,0.4000000000000057,0.010629495626739,0,0.0,normal,0,unknown
run_1,sentinel_data_20260911_153823.csv,551818,574397,22.579,194.0,28.6,74.2,0,194.3,1.4866068747318506,192.0,197.0,5.0,1.0,0.0700573594739024,28.640000000000004,0.048989794855662516,0.0,0.0,74.21000000000001,0.13000000000000048,-0.09999999999999432,0.00797215061026367,0,0.0,normal,0,unknown
run_1,sentinel_data_20260911_153823.csv,554327,576906,22.579,195.0,28.6,74.2,0,194.5,1.4317821063276353,192.0,197.0,5.0,2.0,0.05073050188461161,28.640000000000004,0.048989794855662516,-0.09999999999999787,-0.0019326565780705112,74.2,0.12649110640673586,0.10000000000000853,0.010146292964671571,0,0.0,normal,0,unknown
run_1,sentinel_data_20260911_153823.csv,556836,579415,22.579,196.0,28.7,74.2,0,194.8,1.4000000000000001,192.0,197.0,5.0,4.0,0.04348351242614252,28.639999999999997,0.048989794855662516,0.0,0.0009663002761364793,74.21000000000001,0.12206555615733719,0.10000000000000853,0.0074887308489751,0,0.0,normal,0,unknown
run_1,sentinel_data_20260911_153823.csv,559344,581923,22.579,196.0,28.7,74.1,0,195.2,1.077032961426901,193.0,197.0,4.0,1.0,-0.004829167063493141,28.639999999999997,0.048989794855662516,0.09999999999999787,0.0038650668819146827,74.21000000000001,0.12206555615733719,0.09999999999999432,0.002174280665985326,0,0.0,normal,0,unknown
run_1,sentinel_data_20260911_153823.csv,561853,584432,22.579,195.0,28.8,74.2,0,195.2,1.077032961426901,193.0,197.0,4.0,-1.0,-0.014492403219044929,28.660000000000004,0.06633249580710733,0.1999999999999993,0.006280850251740759,74.23,0.10049875621120884,0.0,-0.0036236400426421993,0,0.0,normal,0,unknown
run_1,sentinel_data_20260911_153823.csv,564362,586941,22.579,194.0,28.7,74.2,0,195.0,1.0954451150103321,193.0,197.0,4.0,-1.0,-0.01932397463188976,28.669999999999998,0.06403124237432785,0.09999999999999787,0.005556114539814034,74.23000000000002,0.10049875621120885,0.0,-0.005073111466495566,0,0.0,normal,0,unknown
run_1,sentinel_data_20260911_153823.csv,566871,589450,22.579,195.0,28.7,74.1,0,195.0,1.0954451150103321,193.0,197.0,4.0,-2.0,-0.019323601178453574,28.679999999999996,0.05999999999999942,0.09999999999999787,0.004348176169499613,74.22000000000001,0.10770329614269084,-0.20000000000000284,-0.00869666046897635,0,0.0,normal,0,unknown
run_1,sentinel_data_20260911_153823.csv,569379,591958,22.579,195.0,28.6,74.1,0,194.8,0.8717797887081347,193.0,196.0,3.0,0.0,0.0338208948291095,28.68,0.05999999999999943,-0.09999999999999787,0.0004831501380682657,74.20000000000002,0.10954451150103478,-0.10000000000000853,-0.009179814106863849,0,0.0,normal,0,unknown
run_1,sentinel_data_20260911_153823.csv,571888,594467,22.579,195.0,28.7,74.1,0,194.8,0.8717797887081347,193.0,196.0,3.0,2.0,0.04348515818208527,28.68,0.05999999999999943,0.0,0.0014494924335528914,74.19000000000001,0.11357816691600739,-0.4000000000000057,-0.011354261102290377,0,0.0,normal,0,unknown
run_1,sentinel_data_20260911_153823.csv,574397,596976,22.579,195.0,28.7,74.1,0,195.0,0.6324555320336759,194.0,196.0,2.0,1.0,0.0,28.679999999999996,0.05999999999999942,0.09999999999999787,0.002415844067572774,74.15,0.05000000000000426,-0.10000000000000853,-0.005073099211254404,0,0.0,normal,0,unknown
run_1,sentinel_data_20260911_153823.csv,576906,599485,22.579,195.0,28.7,74.1,0,195.1,0.5385164807134505,194.0,196.0,2.0,0.0,-0.026573835360721165,28.689999999999998,0.05385164807134461,0.09999999999999787,0.000724765475551309,74.14000000000001,0.04898979485566774,-0.10000000000000853,-0.004831487374977648,0,0.0,normal,0,unknown
run_1,sentinel_data_20260911_153823.csv,579415,601994,22.579,196.0,28.7,74.0,0,195.2,0.6,194.0,196.0,2.0,0.0,-0.009662232432700982,28.7,0.044721359549995635,0.0,-0.0014493733813383607,74.12,0.060000000000002274,-0.20000000000000284,-0.006280913278454276,0,0.0,normal,0,unknown
run_1,sentinel_data_20260911_153823.csv,581923,604503,22.58,195.0,28.7,73.9,0,195.1,0.5385164807134505,194.0,196.0,2.0,-1.0,0.007246709363994776,28.7,0.044721359549995635,0.0,-0.0014493033582266151,74.09,0.08306623862917978,-0.19999999999998863,-0.008938096066843457,0,0.0,normal,0,unknown
run_1,sentinel_data_20260911_153823.csv,584432,607011,22.579,194.0,28.7,73.9,0,194.9,0.5385164807134505,194.0,196.0,2.0,-1.0,0.007248074905518115,28.7,0.044721359549995635,-0.10000000000000142,-0.0014493453712817453,74.07,0.10049875621120687,-0.29999999999999716,-0.012803366028402074,0,0.0,normal,0,unknown
run_1,sentinel_data_20260911_153823.csv,586941,609520,22.579,196.0,28.7,74.0,0,195.0,0.6324555320336759,194.0,196.0,2.0,2.0,0.033820953181477535,28.689999999999998,0.02999999999999936,0.0,0.0012079599637331358,74.05,0.09219544457292594,-0.20000000000000284,-0.010870869352377747,0,0.0,normal,0,unknown
run_1,sentinel_data_20260911_153823.csv,589450,612029,22.579,195.0,28.8,74.0,0,195.1,0.5385164807134505,194.0,196.0,2.0,0.0,0.007248074905518113,28.7,0.044721359549995635,0.10000000000000142,0.003865241954158245,74.03,0.0781024967590621,-0.09999999999999432,-0.007971958019537163,0,0.0,normal,0,unknown
run_1,sentinel_data_20260911_153823.csv,591958,614538,22.58,195.0,28.6,74.0,0,195.1,0.5385164807134505,194.0,196.0,2.0,0.0,0.002416596843261418,28.690000000000005,0.05385164807134462,0.0,0.0016910015571251205,74.02000000000001,0.07483314773547457,-0.09999999999999432,-0.0067639677139276315,0,0.0,normal,0,unknown
run_1,sentinel_data_20260911_153823.csv,594467,617046,22.579,197.0,28.7,73.7,0,195.3,0.7810249675906654,194.0,197.0,3.0,2.0,0.04106679882497123,28.7,0.044721359549995635,0.0,-0.00048318865450139753,73.97999999999999,0.11661903789690278,-0.3999999999999915,-0.011595410731471646,0,0.0,normal,0,unknown
run_1,sentinel_data_20260911_153823.csv,596976,619555,22.579,198.0,28.7,73.8,0,195.6,1.1135528725660044,194.0,198.0,4.0,3.0,0.09179849122986618,28.7,0.044721359549995635,0.0,-0.00048320266206738823,73.95,0.12041594578792084,-0.29999999999999716,-0.012320319768476647,0,0.0,normal,0,unknown
run_1,sentinel_data_20260911_153823.csv,599485,622064,22.579,196.0,28.7,73.9,0,195.7,1.1,194.0,198.0,4.0,1.0,0.08455165352089952,28.7,0.044721359549995635,0.0,-0.0004832073314365438,73.92999999999998,0.1099999999999984,-0.19999999999998863,-0.009421387425352973,0,0.0,normal,0,unknown
run_1,sentinel_data_20260911_153823.csv,601994,624573,22.579,196.0,28.6,73.9,0,195.8,1.077032961426901,194.0,198.0,4.0,0.0,0.07247192544916067,28.690000000000005,0.05385164807134461,-0.09999999999999787,-0.0026574605711716407,73.91,0.0943398113205655,-0.09999999999999432,-0.005556021745229827,0,0.0,normal,0,unknown
run_1,sentinel_data_20260911_153823.csv,604503,627081,22.578,195.0,28.6,74.0,0,195.7,1.1,194.0,198.0,4.0,0.0,0.06039446756555942,28.68,0.05999999999999943,-0.09999999999999787,-0.004348501811801221,73.91,0.0943398113205655,0.09999999999999432,-0.0012077352788789325,0,0.0,normal,0,unknown
run_1,sentinel_data_20260911_153823.csv,607011,629590,22.579,196.0,28.6,73.8,0,195.8,1.077032961426901,194.0,198.0,4.0,2.0,0.048315258925270214,28.670000000000005,0.06403124237432785,-0.09999999999999787,-0.005556329885628082,73.9,0.1,-0.10000000000000853,-0.0038650435332926894,0,0.0,normal,0,unknown
run_1,sentinel_data_20260911_153823.csv,609520,632099,22.579,196.0,28.7,73.9,0,196.0,0.8944271909999159,195.0,198.0,3.0,0.0,0.004830147418265837,28.669999999999998,0.06403124237432785,0.0,-0.004106877137990797,73.89999999999999,0.1,-0.09999999999999432,-0.003865080882662448,0,0.0,normal,0,unknown
run_1,sentinel_data_20260911_153823.csv,612029,634608,22.579,194.0,28.7,73.8,0,195.8,1.077032961426901,194.0,198.0,4.0,-1.0,-0.03865505743890036,28.669999999999998,0.06403124237432785,-0.10000000000000142,-0.0026573450185223505,73.88,0.09797958971132764,-0.20000000000000284,-0.0033819179063247625,0,0.0,normal,0,unknown
run_1,sentinel_data_20260911_153823.csv,614538,637116,22.578,193.0,28.6,74.0,0,195.6,1.3564659966250536,193.0,198.0,5.0,-2.0,-0.12079086103652284,28.65,0.04999999999999894,0.0,-0.0007247182035434648,73.88,0.09797958971132766,0.0,0.0024158557388384693,0,0.0,normal,0,unknown
run_1,sentinel_data_20260911_153823.csv,617046,639625,22.579,196.0,28.6,74.0,0,195.7,1.3453624047073711,193.0,198.0,5.0,-1.0,-0.12803599465643795,28.65,0.04999999999999894,-0.09999999999999787,-0.003140432127940328,73.88,0.09797958971132766,0.29999999999999716,0.008213559351501006,0,0.0,normal,0,unknown
run_1,sentinel_data_20260911_153823.csv,619555,642134,22.579,195.0,28.6,74.0,0,195.5,1.284523257866513,193.0,198.0,5.0,-3.0,-0.10871009419662786,28.640000000000004,0.048989794855662516,-0.09999999999999787,-0.002898858809399356,73.91,0.08306623862918167,0.20000000000000284,0.0060393212845170135,0,0.0,normal,0,unknown
run_1,sentinel_data_20260911_153823.csv,622064,644642,22.578,195.0,28.6,74.0,0,195.2,0.9797958971132713,193.0,196.0,3.0,-1.0,-0.05314767071120273,28.630000000000003,0.04582575694955742,-0.09999999999999787,-0.002174140601659952,73.92999999999999,0.07810249675906683,0.09999999999999432,0.005073058935914333,0,0.0,normal,0,unknown
run_1,sentinel_data_20260911_153823.csv,624573,647151,22.578,194.0,28.6,74.0,0,195.0,1.0,193.0,196.0,3.0,-2.0,-0.05797941720635608,28.620000000000005,0.03999999999999915,0.0,-0.0009662209016769897,73.94000000000001,0.08000000000000042,0.09999999999999432,0.005797826162402944,0,0.0,normal,0,unknown
run_1,sentinel_data_20260911_153823.csv,627081,649660,22.579,195.0,28.6,74.1,0,194.9,0.9433981132056604,193.0,196.0,3.0,0.0,-0.03140488735928716,28.620000000000005,0.03999999999999915,0.0,-0.001932510675198404,73.96000000000001,0.09165151389911655,0.09999999999999432,0.008213565184016357,0,0.0,normal,0,unknown
run_1,sentinel_data_20260911_153823.csv,629590,652169,22.579,195.0,28.6,74.2,0,194.9,0.9433981132056604,193.0,196.0,3.0,-1.0,-0.02657312919028728,28.620000000000005,0.03999999999999915,0.0,-0.0028988623089983593,73.98,0.11661903789690645,0.4000000000000057,0.01449485080371629,0,0.0,normal,0,unknown
run_1,sentinel_data_20260911_153823.csv,632099,654678,22.579,195.0,28.6,74.2,0,194.8,0.8717797887081348,193.0,196.0,3.0,-1.0,0.00483282031933269,28.620000000000005,0.03999999999999915,-0.09999999999999787,-0.003865139241125904,74.02000000000001,0.11661903789690645,0.29999999999999716,0.01449472473761886,0,0.0,normal,0,unknown
run_1,sentinel_data_20260911_153823.csv,634608,657186,22.578,193.0,28.5,74.3,0,194.5,0.9219544457292888,193.0,196.0,3.0,-1.0,-0.00241411075922329,28.6,0.044721359549995635,-0.1999999999999993,-0.004348288210749372,74.06,0.1356465996625058,0.5,0.017393653575983145,0,0.0,normal,0,unknown
run_1,sentinel_data_20260911_153823.csv,637116,659695,22.579,193.0,28.5,74.3,0,194.4,1.0198039027185568,193.0,196.0,3.0,0.0,-0.04831263276912888,28.580000000000002,0.04000000000000057,-0.10000000000000142,-0.003865141579301441,74.10999999999999,0.12206555615733662,0.29999999999999716,0.01570249154077115,0,0.0,normal,0,unknown
run_1,sentinel_data_20260911_153823.csv,639625,662204,22.579,193.0,28.5,74.2,0,194.4,1.0198039027185568,193.0,196.0,3.0,-3.0,-0.11595463254895652,28.570000000000004,0.045825756949559045,-0.10000000000000142,-0.005073034432512667,74.13,0.11874342087037902,0.20000000000000284,0.014736177258202277,0,0.0,normal,0,unknown
run_1,sentinel_data_20260911_153823.csv,642134,664713,22.579,193.0,28.6,74.3,0,194.1,0.9433981132056604,193.0,195.0,2.0,-2.0,-0.10387485201152727,28.570000000000004,0.045825756949559045,0.0,-0.0036234929799988094,74.16,0.11999999999999958,0.29999999999999716,0.014977581918792417,0,0.0,normal,0,unknown
run_1,sentinel_data_20260911_153823.csv,644642,667222,22.58,192.0,28.6,74.5,0,193.8,1.0770329614269007,192.0,195.0,3.0,-3.0,-0.12561395895012312,28.570000000000004,0.04582575694955905,0.0,-0.0021739655407686156,74.21,0.14456832294800945,0.5,0.01811772752295065,0,0.0,normal,0,unknown
run_1,sentinel_data_20260911_153823.csv,647151,669730,22.579,192.0,28.5,74.4,0,193.5,1.118033988749895,192.0,195.0,3.0,-2.0,-0.1328637202414481,28.560000000000002,0.04898979485566426,-0.10000000000000142,-0.002898694241756544,74.25,0.13601470508735508,0.4000000000000057,0.01666867626469888,0,0.0,normal,0,unknown
run_1,sentinel_data_20260911_153823.csv,649660,672239,22.579,193.0,28.5,74.5,0,193.4,1.1135528725660042,192.0,195.0,3.0,-2.0,-0.13045011712732082,28.55,0.05000000000000071,-0.10000000000000142,-0.0031402903164002276,74.3,0.12649110640673586,0.4000000000000057,0.01546091297012913,0,0.0,normal,0,unknown
run_1,sentinel_data_20260911_153823.csv,652169,674748,22.579,192.0,28.5,74.4,0,193.1,1.0440306508910548,192.0,195.0,3.0,-3.0,-0.1183711885952088,28.54,0.04898979485566426,-0.10000000000000142,-0.0028987117457579836,74.33,0.10999999999999995,0.20000000000000284,0.012320391551779965,0,0.0,normal,0,unknown
run_1,sentinel_data_20260911_153823.csv,654678,677256,22.578,192.0,28.5,74.5,0,192.8,0.8717797887081348,192.0,195.0,3.0,-3.0,-0.09179937824250958,28.53,0.045825756949559045,-0.10000000000000142,-0.0021740092926478428,74.36,0.11135528725660049,0.29999999999999716,0.012562119516247581,0,0.0,normal,0,unknown
run_1,sentinel_data_20260911_153823.csv,657186,679765,22.579,209.0,28.6,74.5,0,194.2,4.955804677345546,192.0,209.0,17.0,16.0,0.3188775502834617,28.53,0.04582575694955905,0.10000000000000142,0.0012080317500217847,74.39000000000001,0.10440306508910584,0.20000000000000284,0.011354219661373986,0,0.0,normal,0,unknown
run_1,sentinel_data_20260911_153823.csv,659695,682274,22.579,229.0,28.5,74.3,0,197.8,11.513470371699404,192.0,229.0,37.0,36.0,1.043633571937369,28.53,0.045825756949559045,0.0,-0.00024147235300909348,74.39,0.10440306508910582,0.0,0.007005856752648333,0,0.0,normal,0,unknown
run_1,sentinel_data_20260911_153823.csv,662204,684783,22.579,204.0,28.6,74.6,0,198.9,11.527792503337317,192.0,229.0,37.0,11.0,1.050881209190869,28.540000000000003,0.04898979485566426,0.10000000000000142,0.0004832913723408989,74.41999999999999,0.11661903789690499,0.3999999999999915,0.009180147928698052,0,0.0,normal,0,unknown
run_1,sentinel_data_20260911_153823.csv,664713,687292,22.579,203.0,28.6,74.5,0,199.9,11.40570032922135,192.0,229.0,37.0,10.0,0.9832214439199265,28.550000000000004,0.05000000000000072,0.0,0.0007249037890319804,74.45000000000002,0.09219544457292826,0.20000000000000284,0.005073170991147604,0,0.0,normal,0,unknown
run_1,sentinel_data_20260911_153823.csv,667222,689800,22.578,203.0,28.6,74.5,0,200.9,11.193301568348815,192.0,229.0,37.0,11.0,0.8672693383983712,28.550000000000004,0.05000000000000072,0.0,0.003140655062308292,74.47,0.0781024967590652,0.0,0.0021742789181013484,0,0.0,normal,0,unknown
run_1,sentinel_data_20260911_153823.csv,669730,692309,22.579,204.0,28.6,74.6,0,202.1,10.811567878897122,192.0,229.0,37.0,12.0,0.6981559064374392,28.550000000000004,0.05000000000000072,0.10000000000000142,0.005556268607780142,74.48,0.08717797887081144,0.19999999999998863,0.0057978086614304475,0,0.0,normal,0,unknown
run_1,sentinel_data_20260911_153823.csv,672239,694818,22.579,203.0,28.5,74.7,0,203.2,10.274239631233058,192.0,229.0,37.0,10.0,0.4493299786759305,28.55,0.05000000000000071,0.0,0.003140482901357692,74.51,0.10440306508910502,0.20000000000000284,0.008455172938495332,0,0.0,normal,0,unknown
run_1,sentinel_data_20260911_153823.csv,674748,697327,22.579,202.0,28.5,74.6,0,204.1,9.7205966895042,192.0,229.0,37.0,10.0,0.15218886206978632,28.55,0.05000000000000071,0.0,0.000724683189500915,74.52000000000001,0.10770329614268923,0.19999999999998863,0.010146065364224952,0,0.0,normal,0,unknown
run_1,sentinel_data_20260911_153823.csv,677256,699836,22.58,205.0,28.5,74.6,0,205.4,8.845337754998392,192.0,229.0,37.0,13.0,-0.14976271249892115,28.55,0.05000000000000071,0.0,-0.0016909904697926482,74.54,0.10198039027185546,0.09999999999999432,0.008696439884450952,0,0.0,normal,0,unknown
run_1,sentinel_data_20260911_153823.csv,679765,702344,22.579,203.0,28.5,74.6,0,206.5,7.723341245859851,202.0,229.0,27.0,-6.0,-0.5580368689133901,28.55,0.05000000000000071,-0.10000000000000142,-0.004106794848819297,74.55,0.10246950765959571,0.09999999999999432,0.00893827288713922,0,0.0,normal,0,unknown
run_1,sentinel_data_20260911_153823.csv,682274,704853,22.579,201.0,28.5,74.5,0,205.7,7.836453279386027,201.0,229.0,28.0,-28.0,-0.6111918578752964,28.54,0.04898979485566426,0.0,-0.0038652571302759194,74.55,0.10246950765959571,0.20000000000000284,0.006522659924331987,0,0.0,normal,0,unknown
run_1,sentinel_data_20260911_153823.csv,684783,707362,22.579,202.0,28.5,74.7,0,203.0,1.0954451150103321,201.0,205.0,4.0,-2.0,-0.07247164534309783,28.54,0.04898979485566426,-0.10000000000000142,-0.005797885695413879,74.59,0.07000000000000049,0.10000000000000853,0.003140559935340729,0,0.0,normal,0,unknown
run_1,sentinel_data_20260911_153823.csv,687292,709871,22.579,202.0,28.6,74.6,0,202.8,1.077032961426901,201.0,205.0,4.0,-1.0,-0.06763953704906851,28.540000000000003,0.04898979485566426,0.0,-0.0028988868229921265,74.59,0.07000000000000048,0.09999999999999432,0.0036236470449871557,0,0.0,normal,0,unknown
run_1,sentinel_data_20260911_153823.csv,689800,712379,22.579,203.0,28.6,74.4,0,202.8,1.077032961426901,201.0,205.0,4.0,0.0,-0.05797724623952599,28.540000000000003,0.04898979485566426,0.0,-1.1554929960168346e-07,74.58,0.08717797887081243,-0.09999999999999432,-0.0028985926969437308,0,0.0,normal,0,unknown
run_1,sentinel_data_20260911_153823.csv,692309,714888,22.579,204.0,28.6,74.4,0,202.9,1.1357816691600546,201.0,205.0,4.0,0.0,-0.026573835360721162,28.540000000000003,0.04898979485566426,0.0,0.002898869314456511,74.57,0.10049875621120687,-0.19999999999998863,-0.008938170756852963,0,0.0,normal,0,unknown
run_1,sentinel_data_20260911_153823.csv,694818,717397,22.579,203.0,28.6,74.4,0,202.8,1.077032961426901,201.0,205.0,4.0,0.0,0.004832073314365624,28.540000000000003,0.04898979485566426,0.10000000000000142,0.005797910208408898,74.55,0.11180339887498694,-0.29999999999999716,-0.011837231492925534,0,0.0,normal,0,unknown
run_1,sentinel_data_20260911_153823.csv,697327,719906,22.579,205.0,28.7,74.4,0,203.0,1.2649110640673518,201.0,205.0,4.0,3.0,0.05798046769311229,28.560000000000002,0.06633249580710819,0.1999999999999993,0.008213713421700315,74.52,0.10770329614268633,-0.19999999999998863,-0.011112428665957004,0,0.0,normal,0,unknown
run_1,sentinel_data_20260911_153823.csv,699836,722414,22.578,204.0,28.6,74.5,0,203.2,1.2489995996796797,201.0,205.0,4.0,-1.0,0.05314921143552864,28.570000000000004,0.06403124237432867,0.10000000000000142,0.007489075754183352,74.51,0.10440306508910216,-0.09999999999999432,-0.009421529236605218,0,0.0,normal,0,unknown
run_1,sentinel_data_20260911_153823.csv,702344,724923,22.579,204.0,28.6,74.5,0,203.1,1.1357816691600546,201.0,205.0,4.0,1.0,0.11837271176608521,28.580000000000002,0.060000000000000143,0.10000000000000142,0.0062811338787293405,74.5,0.09999999999999716,-0.09999999999999432,-0.007247269580015399,0,0.0,normal,0,unknown
run_1,sentinel_data_20260911_153823.csv,704853,727432,22.579,203.0,28.6,74.4,0,203.1,1.1357816691600546,201.0,205.0,4.0,2.0,0.11354216751099348,28.590000000000003,0.05385164807134508,0.10000000000000142,0.004590084469427426,74.48,0.09797958971132474,-0.09999999999999432,-0.006764132281671817,0,0.0,normal,0,unknown
run_1,sentinel_data_20260911_153823.csv,707362,729941,22.579,199.0,28.6,74.5,0,202.9,1.57797338380595,199.0,205.0,6.0,-3.0,-0.031408558209880436,28.600000000000005,0.044721359549995635,0.10000000000000142,0.002415820722588216,74.48,0.09797958971132474,-0.20000000000000284,-0.005797738628912919,0,0.0,normal,0,unknown
run_1,sentinel_data_20260911_153823.csv,709871,732449,22.578,201.0,28.6,74.5,0,202.8,1.661324772583615,199.0,205.0,6.0,-1.0,-0.09663422955354152,28.610000000000003,0.02999999999999936,0.0,-0.00024150853766768664,74.46000000000001,0.06633249580710422,-0.09999999999999432,0.0004832096658757611,0,0.0,normal,0,unknown
run_1,sentinel_data_20260911_153823.csv,712379,734958,22.579,200.0,28.6,74.4,0,202.6,1.8547236990991407,199.0,205.0,6.0,-3.0,-0.17876803724304102,28.610000000000003,0.02999999999999936,0.0,-0.000724649922901976,74.44,0.048989794855660775,0.0,0.0028988693144563044,0,0.0,normal,0,unknown
run_1,sentinel_data_20260911_153823.csv,714888,737467,22.579,201.0,28.6,74.4,0,202.4,1.9078784028338913,199.0,205.0,6.0,-3.0,-0.20292782024235842,28.610000000000003,0.02999999999999936,0.0,-0.0012078257389814022,74.44,0.048989794855660775,0.0,0.0009662220732630913,0,0.0,normal,0,unknown
run_1,sentinel_data_20260911_153823.csv,717397,739976,22.579,202.0,28.6,74.4,0,202.2,1.8330302779823358,199.0,205.0,6.0,-1.0,-0.1691047543526883,28.610000000000003,0.02999999999999936,0.0,-0.0016909782119372318,74.44,0.048989794855660775,0.0,-0.0009664438416845798,0,0.0,normal,0,unknown
run_1,sentinel_data_20260911_153823.csv,719906,742484,22.578,201.0,28.6,74.2,0,202.0,1.8439088914585775,199.0,205.0,6.0,-4.0,-0.17393814656664747,28.610000000000003,0.02999999999999936,-0.09999999999999787,-0.002174154610630395,74.42,0.0871779788708121,-0.20000000000000284,-0.007247374625975106,0,0.0,normal,0,unknown
run_1,sentinel_data_20260911_153823.csv,722414,744993,22.579,202.0,28.6,74.3,0,201.7,1.5524174696260025,199.0,204.0,5.0,-2.0,-0.09421758594418621,28.600000000000005,3.552713678800501e-15,0.0,7.292397405890044e-32,74.41,0.0943398113205655,-0.20000000000000284,-0.010387740225505778,0,0.0,normal,0,unknown
run_1,sentinel_data_20260911_153823.csv,724923,747502,22.579,199.0,28.7,74.4,0,201.2,1.5362291495737217,199.0,204.0,5.0,-5.0,-0.09180168938854773,28.610000000000003,0.02999999999999936,0.09999999999999787,0.0021742404018545067,74.39999999999999,0.08944271909999127,-0.09999999999999432,-0.008213561686371615,0,0.0,normal,0,unknown
run_1,sentinel_data_20260911_153823.csv,727432,750011,22.579,201.0,28.6,74.3,0,200.9,1.2206555615733703,199.0,203.0,4.0,-2.0,-0.021742579091042644,28.610000000000003,0.02999999999999936,0.0,0.0016910552470368043,74.38,0.08717797887081406,-0.10000000000000853,-0.007730356689433851,0,0.0,normal,0,unknown
run_1,sentinel_data_20260911_153823.csv,729941,752520,22.579,201.0,28.5,74.2,0,200.7,1.0049875621120892,199.0,202.0,3.0,2.0,0.03623491227995673,28.6,0.044721359549995635,-0.10000000000000142,-0.0009663773090029579,74.36,0.10198039027185603,-0.29999999999999716,-0.011112299109837005,0,0.0,normal,0,unknown
run_1,sentinel_data_20260911_153823.csv,732449,755028,22.579,201.0,28.5,74.2,0,200.9,0.8306623862918076,199.0,202.0,3.0,0.0,-0.0024153538566889063,28.589999999999996,0.053851648071345085,-0.10000000000000142,-0.0031404607249081637,74.33000000000001,0.10049875621120954,-0.29999999999999716,-0.010870710037479078,0,0.0,normal,0,unknown
run_1,sentinel_data_20260911_153823.csv,734958,757537,22.579,200.0,28.6,74.2,0,200.8,0.8717797887081347,199.0,202.0,3.0,0.0,-0.019325515311549468,28.590000000000003,0.05385164807134508,0.0,-0.002657364277064703,74.30000000000001,0.08944271909999287,-0.20000000000000284,-0.009179754582456385,0,0.0,normal,0,unknown
run_1,sentinel_data_20260911_153823.csv,737467,760046,22.579,203.0,28.6,74.2,0,201.1,1.044030650891055,199.0,203.0,4.0,2.0,0.0072481274590971085,28.590000000000003,0.05385164807134508,0.0,-0.002174207135780196,74.28000000000002,0.08717797887081438,-0.20000000000000284,-0.008696597441171829,0,0.0,normal,0,unknown
run_1,sentinel_data_20260911_153823.csv,739976,762555,22.579,201.0,28.6,74.2,0,201.1,1.0440306508910548,199.0,203.0,4.0,-1.0,0.0024165093441024027,28.590000000000003,0.05385164807134508,0.0,-0.0016910173134120484,74.26000000000002,0.08000000000000042,-0.20000000000000284,-0.007247062992491748,0,0.0,normal,0,unknown
run_1,sentinel_data_20260911_153823.csv,742484,765064,22.58,203.0,28.6,74.2,0,201.2,1.1661903789690602,199.0,203.0,4.0,2.0,0.06763961879170496,28.590000000000003,0.05385164807134508,0.0,-0.0012078228250243838,74.24000000000001,0.06633249580710766,0.0,-0.004831291300097536,0,0.0,normal,0,unknown
run_1,sentinel_data_20260911_153823.csv,744993,767572,22.579,200.0,28.6,74.1,0,201.1,1.2206555615733703,199.0,203.0,4.0,-2.0,0.03623839626222809,28.590000000000003,0.05385164807134508,0.0,-0.0007247217057479719,74.23,0.07810249675906757,-0.20000000000000284,-0.008938157338398074,0,0.0,normal,0,unknown
run_1,sentinel_data_20260911_153823.csv,747502,770081,22.579,198.0,28.6,74.3,0,200.7,1.4866068747318506,198.0,203.0,5.0,-1.0,-0.0072435054201179724,28.590000000000003,0.05385164807134508,-0.09999999999999787,-0.0002415785706421674,74.23,0.07810249675906757,-0.10000000000000853,-0.005556230090788803,0,0.0,normal,0,unknown
run_1,sentinel_data_20260911_153823.csv,750011,772590,22.579,201.0,28.6,74.3,0,200.9,1.374772708486752,198.0,203.0,5.0,0.0,-0.04589607672287662,28.580000000000005,0.04000000000000057,0.0,0.00289894284770694,74.22,0.05999999999999943,0.0,0.00048323417526726975,0,0.0,normal,0,unknown
run_1,sentinel_data_20260911_153823.csv,752520,775099,22.579,202.0,28.6,74.2,0,201.0,1.4142135623730951,198.0,203.0,5.0,1.0,-0.019321675366097735,28.580000000000005,0.04000000000000057,0.10000000000000142,0.0038651824306561696,74.21,0.05385164807134488,0.0,0.002174203633490955,0,0.0,normal,0,unknown
run_1,sentinel_data_20260911_153823.csv,755028,777607,22.579,199.0,28.6,74.3,0,200.8,1.5362291495737217,198.0,203.0,5.0,-2.0,-0.0628033553195604,28.590000000000003,0.030000000000000426,0.10000000000000142,0.002174233395956957,74.22,0.05999999999999943,0.09999999999999432,0.0038651625881125453,0,0.0,normal,0,unknown
run_1,sentinel_data_20260911_153823.csv,757537,780116,22.579,202.0,28.6,74.4,0,200.9,1.57797338380595,198.0,203.0,5.0,2.0,-0.03140008434892747,28.600000000000005,3.552713678800501e-15,0.0,7.292397405890044e-32,74.24,0.08000000000000078,0.20000000000000284,0.007247308097565356,0,0.0,normal,0,unknown
run_1,sentinel_data_20260911_153823.csv,760046,782625,22.579,200.0,28.6,74.4,0,200.9,1.57797338380595,198.0,203.0,5.0,-3.0,-0.07488558099606847,28.600000000000005,3.552713678800501e-15,0.0,0.0,74.26,0.09165151389911842,0.20000000000000284,0.009663183680681461,0,0.0,normal,0,unknown
run_1,sentinel_data_20260911_153823.csv,762555,785134,22.579,199.0,28.6,74.4,0,200.5,1.5,198.0,203.0,5.0,-2.0,-0.06039070337098148,28.600000000000005,3.552713678800501e-15,0.0,4.861598270593364e-32,74.28,0.09797958971132939,0.20000000000000284,0.011112621253706791,0,0.0,normal,0,unknown
run_1,sentinel_data_20260911_153823.csv,765064,787642,22.578,194.0,28.5,74.3,0,199.8,2.4413111231467406,194.0,203.0,9.0,-9.0,-0.18842480701590086,28.590000000000003,0.030000000000000426,-0.10000000000000142,-0.002174154610630472,74.28999999999999,0.09433981132056851,0.09999999999999432,0.009421721827146276,0,0.0,normal,0,unknown
run_1,sentinel_data_20260911_153823.csv,767572,790151,22.579,199.0,28.6,74.3,0,199.4,2.2,194.0,202.0,8.0,-1.0,-0.12078294744395442,28.590000000000003,0.030000000000000426,0.0,-0.0016909782119372916,74.29999999999998,0.08944271909999445,0.20000000000000284,0.007247462167764775,0,0.0,normal,0,unknown
run_1,sentinel_data_20260911_153823.csv,770081,792660,22.579,199.0,28.6,74.4,0,199.3,2.1931712199461306,194.0,202.0,8.0,1.0,-0.11353638982269412,28.590000000000003,0.030000000000000426,0.0,-0.0012078257389814447,74.33,0.06403124237433107,0.10000000000000853,0.004106877137991003,0,0.0,normal,0,unknown
run_1,sentinel_data_20260911_153823.csv,772590,795169,22.579,198.0,28.6,74.4,0,199.3,2.1931712199461306,194.0,202.0,8.0,-3.0,-0.17634663147573384,28.590000000000003,0.030000000000000426,0.0,-0.0007246499229020018,74.33999999999999,0.06633249580711065,0.10000000000000853,0.004831602927626766,0,0.0,normal,0,unknown
run_1,sentinel_data_20260911_153823.csv,775099,797677,22.578,196.0,28.6,74.6,0,198.8,2.315167380558045,194.0,202.0,8.0,-6.0,-0.20292109699217453,28.590000000000003,0.030000000000000426,0.0,-0.00024150853766769518,74.37,0.10049875621120856,0.3999999999999915,0.009421529236605527,0,0.0,normal,0,unknown
run_1,sentinel_data_20260911_153823.csv,777607,800186,22.579,200.0,28.6,74.4,0,198.6,2.1071307505705477,194.0,202.0,8.0,1.0,-0.0917954098258833,28.590000000000003,0.030000000000000426,0.0,0.00024163984858350173,74.39,0.08306623862918064,0.10000000000000853,0.005556291368078364,0,0.0,normal,0,unknown
run_1,sentinel_data_20260911_153823.csv,780116,802695,22.579,199.0,28.6,74.4,0,198.6,2.1071307505705477,194.0,202.0,8.0,-3.0,-0.07246954433888565,28.590000000000003,0.030000000000000426,0.0,0.0007248109971548542,74.4,0.0774596669241476,0.0,0.003382066140835926,0,0.0,normal,0,unknown
run_1,sentinel_data_20260911_153823.csv,782625,805204,22.579,200.0,28.7,74.2,0,198.4,1.8547236990991407,194.0,200.0,6.0,0.0,0.048321806908733875,28.6,0.044721359549995635,0.09999999999999787,0.003382226046723009,74.38000000000001,0.09797958971132649,-0.20000000000000284,-0.0009664823592344,0,0.0,normal,0,unknown
run_1,sentinel_data_20260911_153823.csv,785134,807712,22.578,200.0,28.5,74.2,0,198.4,1.8547236990991407,194.0,200.0,6.0,1.0,0.12562680950608884,28.590000000000003,0.05385164807134508,-0.10000000000000142,0.001208120459959631,74.36000000000001,0.11135528725659972,-0.20000000000000284,-0.004348501811801178,0,0.0,normal,0,unknown
run_1,sentinel_data_20260911_153823.csv,787642,810221,22.579,199.0,28.6,74.4,0,198.4,1.8547236990991407,194.0,200.0,6.0,5.0,0.15461368177213775,28.590000000000003,0.05385164807134508,0.10000000000000142,0.0016912478347857517,74.36,0.11135528725659972,0.10000000000000853,-0.002415859240137702,0,0.0,normal,0,unknown
run_1,sentinel_data_20260911_153823.csv,790151,812730,22.579,198.0,28.7,74.3,0,198.8,1.1661903789690602,196.0,200.0,4.0,-1.0,0.028990513990093968,28.610000000000003,0.05385164807134462,0.09999999999999787,0.0016912256600278902,74.36,0.11135528725659972,0.0,-0.0053148954665822035,0,0.0,normal,0,unknown
run_1,sentinel_data_20260911_153823.csv,792660,815239,22.579,199.0,28.6,74.5,0,198.8,1.1661903789690602,196.0,200.0,4.0,0.0,0.0386535167369089,28.610000000000003,0.05385164807134462,0.0,0.0012080451727182954,74.38,0.11661903789690474,0.09999999999999432,-0.003865313156141262,0,0.0,normal,0,unknown
run_1,sentinel_data_20260911_153823.csv,795169,817747,22.578,196.0,28.6,74.4,0,198.5,1.4317821063276353,196.0,200.0,4.0,-2.0,-0.01690752354214247,28.610000000000003,0.05385164807134461,0.0,0.0007249107940838613,74.38000000000001,0.11661903789690475,0.0,-0.0028990654047143342,0,0.0,normal,0,unknown
run_1,sentinel_data_20260911_153823.csv,797677,820256,22.579,199.0,28.7,74.4,0,198.6,1.42828568570857,196.0,200.0,4.0,3.0,-0.019322714025726904,28.619999999999997,0.05999999999999943,0.09999999999999787,0.002415936275237505,74.38,0.11661903789690473,-0.19999999999998863,-0.0019327336131699806,0,0.0,normal,0,unknown
run_1,sentinel_data_20260911_153823.csv,800186,822765,22.579,199.0,28.6,74.5,0,198.9,1.1357816691600546,196.0,200.0,4.0,-1.0,-0.07971958020653389,28.620000000000005,0.05999999999999943,0.0,0.0014496219943096824,74.37,0.10049875621120899,0.09999999999999432,0.006522721205563528,0,0.0,normal,0,unknown
run_1,sentinel_data_20260911_153823.csv,802695,825274,22.579,199.0,28.7,74.2,0,198.8,1.077032961426901,196.0,200.0,4.0,0.0,-0.04831333304778091,28.630000000000003,0.06403124237432785,0.09999999999999787,0.0026575376062712474,74.35000000000001,0.11180339887498948,-0.20000000000000284,0.003623634790007751,0,0.0,normal,0,unknown
run_1,sentinel_data_20260911_153823.csv,805204,827783,22.579,197.0,28.7,74.3,0,198.6,1.2,196.0,200.0,4.0,-3.0,-0.08213359764994248,28.639999999999997,0.06633249580710733,0.0,0.003382243548643741,74.34,0.11135528725660049,0.09999999999999432,0.003865047038813081,0,0.0,normal,0,unknown
run_1,sentinel_data_20260911_153823.csv,807712,830291,22.579,197.0,28.6,74.2,0,198.3,1.1874342087037917,196.0,200.0,4.0,-3.0,-0.07971784698239771,28.630000000000003,0.06403124237432785,0.10000000000000142,0.004106910397560579,74.34,0.11135528725660049,0.0,-0.002898771274250812,0,0.0,normal,0,unknown
run_1,sentinel_data_20260911_153823.csv,810221,832800,22.579,197.0,28.7,74.2,0,198.0,1.0954451150103321,196.0,199.0,3.0,-2.0,-0.0628077321775783,28.65,0.04999999999999894,0.09999999999999787,0.0021742841697631127,74.34,0.11135528725660049,-0.20000000000000284,-0.009663027274715217,0,0.0,normal,0,unknown
run_1,sentinel_data_20260911_153823.csv,812730,835309,22.579,198.0,28.7,74.1,0,197.9,1.0440306508910548,196.0,199.0,3.0,0.0,-0.036234089406931756,28.659999999999997,0.048989794855662516,0.0,0.0019327055991208764,74.31,0.13000000000000103,-0.20000000000000284,-0.013286705834348912,0,0.0,normal,0,unknown
run_1,sentinel_data_20260911_153823.csv,815239,837818,22.579,198.0,28.8,74.1,0,197.9,1.0440306508910548,196.0,199.0,3.0,-1.0,-0.03140191111178276,28.669999999999998,0.06403124237432785,0.1999999999999993,0.006039463096641478,74.29,0.14456832294801142,-0.4000000000000057,-0.018118004127453766,0,0.0,normal,0,unknown
run_1,sentinel_data_20260911_153823.csv,817747,840326,22.579,198.0,28.7,74.0,0,197.8,0.9797958971132713,196.0,199.0,3.0,2.0,1.5406573280235864e-06,28.679999999999996,0.05999999999999943,0.09999999999999787,0.004831655446415259,74.24,0.14966629547095958,-0.4000000000000057,-0.018842739835362516,0,0.0,normal,0,unknown
run_1,sentinel_data_20260911_153823.csv,820256,842835,22.579,198.0,28.7,74.0,0,198.0,0.7745966692414834,197.0,199.0,2.0,-1.0,-0.04348438783108956,28.689999999999998,0.05385164807134461,0.0,0.0031406632332390883,74.2,0.15491933384829795,-0.4000000000000057,-0.01980938326727533,0,0.0,normal,0,unknown
run_1,sentinel_data_20260911_153823.csv,822765,845344,22.579,198.0,28.6,73.9,0,197.9,0.7000000000000001,197.0,199.0,2.0,-1.0,-0.0169103307041799,28.68,0.05999999999999943,0.0,0.001449621994309683,74.14999999999999,0.16278820596099655,-0.5999999999999943,-0.02101740043178068,0,0.0,normal,0,unknown
run_1,sentinel_data_20260911_153823.csv,825274,847853,22.579,197.0,28.7,73.9,0,197.7,0.6403124237432849,197.0,199.0,2.0,-2.0,-0.007247269580015643,28.689999999999998,0.05385164807134462,0.0,-0.0002414472608345538,74.08999999999999,0.12999999999999853,-0.29999999999999716,-0.017151999731202818,0,0.0,normal,0,unknown
run_1,sentinel_data_20260911_153823.csv,827783,850361,22.578,197.0,28.7,74.0,0,197.5,0.5,197.0,198.0,1.0,0.0,0.01207927869419269,28.689999999999998,0.05385164807134461,0.0,0.00024170112820808302,74.07,0.12688577540449347,-0.29999999999999716,-0.016185886787245276,0,0.0,normal,0,unknown
run_1,sentinel_data_20260911_153823.csv,830291,852870,22.579,199.0,28.7,73.9,0,197.7,0.6403124237432849,197.0,199.0,2.0,2.0,0.03140547680589753,28.689999999999998,0.05385164807134461,0.09999999999999787,0.0007248425106508812,74.03,0.10999999999999814,-0.29999999999999716,-0.013770043307328197,0,0.0,normal,0,unknown
run_1,sentinel_data_20260911_153823.csv,832800,855379,22.579,197.0,28.7,73.9,0,197.7,0.6403124237432849,197.0,199.0,2.0,0.0,-0.0024160366571828133,28.7,0.044721359549995635,0.0,-0.0014494294046997213,74.0,0.09999999999999717,-0.29999999999999716,-0.012079027748253814,0,0.0,normal,0,unknown
run_1,sentinel_data_20260911_153823.csv,835309,857888,22.579,196.0,28.8,73.7,0,197.6,0.8,196.0,199.0,3.0,-2.0,-0.05798008251761443,28.71,0.05385164807134508,0.10000000000000142,0.0007248425106509246,73.95000000000002,0.1118033988749863,-0.3999999999999915,-0.013286917680360133,0,0.0,normal,0,unknown
run_1,sentinel_data_20260911_153823.csv,837818,860396,22.578,196.0,28.8,73.9,0,197.4,0.9165151389911681,196.0,199.0,3.0,-2.0,-0.08213793957726787,28.72,0.060000000000000143,0.0,0.0024158557388385465,73.93,0.10049875621120644,-0.19999999999998863,-0.010388141158897284,0,0.0,normal,0,unknown
run_1,sentinel_data_20260911_153823.csv,840326,862905,22.579,195.0,28.8,73.8,0,197.1,1.1357816691600546,195.0,199.0,4.0,-3.0,-0.11837348211708092,28.72,0.060000000000000143,0.10000000000000142,0.006280979808530195,73.89999999999999,0.08944271909999127,-0.20000000000000284,-0.008697070153966828,0,0.0,normal,0,unknown
run_1,sentinel_data_20260911_153823.csv,842835,865413,22.578,195.0,28.8,73.7,0,196.8,1.2489995996796797,195.0,199.0,4.0,-3.0,-0.1401192710476592,28.73,0.06403124237432868,0.10000000000000142,0.00748913411667833,73.87,0.10049875621120899,-0.29999999999999716,-0.010388311580838073,0,0.0,normal,0,unknown
run_1,sentinel_data_20260911_153823.csv,845344,867922,22.578,197.0,28.8,73.8,0,196.7,1.1874342087037917,195.0,199.0,4.0,-1.0,-0.10388350690318063,28.74,0.06633249580710818,0.1999999999999993,0.008214040252748328,73.85,0.0921954445729298,-0.10000000000000853,-0.008455737302832831,0,0.0,normal,0,unknown
run_1,sentinel_data_20260911_153823.csv,847853,870431,22.578,197.0,28.8,73.7,0,196.6,1.1135528725660042,195.0,199.0,4.0,0.0,-0.06281280953646304,28.76,0.04898979485566426,0.10000000000000142,0.005798120311189526,73.83000000000001,0.10049875621120954,-0.20000000000000284,-0.010388435317090489,0,0.0,normal,0,unknown
run_1,sentinel_data_20260911_153823.csv,850361,872939,22.578,198.0,28.8,73.7,0,196.7,1.1874342087037917,195.0,199.0,4.0,1.0,-0.02174455765162586,28.770000000000003,0.04582575694955905,0.10000000000000142,0.005073409112765641,73.81000000000002,0.10440306508910582,-0.29999999999999716,-0.011354827805780652,0,0.0,normal,0,unknown
run_1,sentinel_data_20260911_153823.csv,852870,875448,22.578,199.0,28.8,73.6,0,196.9,1.374772708486752,195.0,199.0,4.0,0.0,0.03623750340981317,28.78,0.04000000000000057,0.10000000000000142,0.003865492919843271,73.77000000000001,0.10049875621121111,-0.30000000000001137,-0.010871713282676004,0,0.0,normal,0,unknown
run_1,sentinel_data_20260911_153823.csv,855379,877956,22.577,198.0,28.8,73.6,0,196.8,1.2489995996796797,195.0,199.0,4.0,1.0,0.11596695890187886,28.790000000000003,0.030000000000000426,0.10000000000000142,0.0021743804794102594,73.74000000000001,0.10198039027185826,-0.30000000000001137,-0.011113500228097123,0,0.0,normal,0,unknown
run_1,sentinel_data_20260911_153823.csv,857888,880465,22.577,198.0,28.8,73.6,0,196.9,1.3,195.0,199.0,4.0,2.0,0.14737467693780434,28.8,0.0,0.0,0.0,73.71000000000001,0.0943398113205685,-0.10000000000000853,-0.009905511072869215,0,0.0,normal,0,unknown
run_1,sentinel_data_20260911_153823.csv,860396,882973,22.577,198.0,28.8,73.6,0,197.1,1.3,195.0,199.0,4.0,2.0,0.1473751964043067,28.8,0.0,0.0,0.0,73.7,0.10000000000000284,-0.30000000000001137,-0.012563032346577952,0,0.0,normal,0,unknown
run_1,sentinel_data_20260911_153823.csv,862905,885482,22.577,198.0,28.8,73.7,0,197.3,1.2688577540449522,195.0,199.0,4.0,3.0,0.13771218208032476,28.8,0.0,0.0,0.0,73.68,0.07483314773548065,-0.09999999999999432,-0.007247885901848768,0,0.0,normal,0,unknown
run_1,sentinel_data_20260911_153823.csv,865413,887991,22.578,197.0,28.8,73.5,0,197.5,1.02469507659596,195.0,199.0,4.0,2.0,0.07006293321356202,28.8,0.0,0.0,0.0,73.65,0.08062257748298708,-0.20000000000000284,-0.007972632114297752,0,0.0,normal,0,unknown
run_1,sentinel_data_20260911_153823.csv,867922,890499,22.577,198.0,28.8,73.6,0,197.8,0.6,197.0,199.0,2.0,1.0,0.014494924282477324,28.8,0.0,0.0,0.0,73.64,0.08000000000000149,-0.20000000000000284,-0.007731204139365248,0,0.0,normal,0,unknown
run_1,sentinel_data_20260911_153823.csv,870431,893008,22.577,198.0,28.8,73.6,0,197.9,0.5385164807134505,197.0,199.0,2.0,1.0,-0.002416953066937345,28.8,0.0,0.0,0.0,73.62,0.06000000000000227,-0.10000000000000853,-0.004348781971108852,0,0.0,normal,0,unknown
run_1,sentinel_data_20260911_153823.csv,872939,895516,22.577,197.0,28.8,73.7,0,197.9,0.5385164807134505,197.0,199.0,2.0,-1.0,-0.045902817435992616,28.8,0.0,0.0,0.0,73.62,0.060000000000002274,0.0,-0.000483349754624654,0,0.0,normal,0,unknown
run_1,sentinel_data_20260911_153823.csv,875448,898025,22.577,197.0,28.8,73.8,0,197.8,0.6000000000000001,197.0,199.0,2.0,-2.0,-0.06281466560918328,28.8,0.0,0.0,0.0,73.63,0.07810249675906775,0.20000000000000284,0.005556596021515007,0,0.0,normal,0,unknown
run_1,sentinel_data_20260911_153823.csv,877956,900533,22.577,197.0,28.8,73.5,0,197.6,0.4898979485566356,197.0,198.0,1.0,-1.0,-0.04831941444578979,28.8,0.0,0.0,0.0,73.61999999999999,0.08717797887081406,-0.09999999999999432,0.0019327919871595994,0,0.0,normal,0,unknown
run_1,sentinel_data_20260911_153823.csv,880465,903042,22.577,197.0,28.7,73.6,0,197.5,0.5,197.0,198.0,1.0,-1.0,-0.05073570212093403,28.79,0.030000000000000426,-0.10000000000000142,-0.0021743927371388914,73.61999999999999,0.08717797887081406,0.0,0.0009664053328821668,0,0.0,normal,0,unknown
run_1,sentinel_data_20260911_153823.csv,882973,905551,22.578,196.0,28.8,73.6,0,197.3,0.6403124237432849,196.0,198.0,2.0,-2.0,-0.07006293321356204,28.790000000000003,0.030000000000000426,0.0,-0.0016911410408662086,73.62,0.08717797887081406,0.0,-1.025912984475589e-16,0,0.0,normal,0,unknown
run_1,sentinel_data_20260911_153823.csv,885482,908059,22.577,198.0,28.8,73.6,0,197.3,0.6403124237432849,196.0,198.0,2.0,0.0,-0.03624077783845669,28.790000000000003,0.030000000000000426,0.0,-0.001207987404256758,73.62,0.08717797887081406,-0.10000000000000853,-0.0009664053328823735,0,0.0,normal,0,unknown
run_1,sentinel_data_20260911_153823.csv,887991,910568,22.577,196.0,28.7,73.6,0,197.1,0.7000000000000001,196.0,198.0,2.0,-1.0,-0.04590477277802387,28.78,0.04000000000000057,-0.10000000000000142,-0.002899187980739143,73.61,0.0830662386291808,0.09999999999999432,0.0007247777335248353,0,0.0,normal,0,unknown
run_1,sentinel_data_20260911_153823.csv,890499,913077,22.578,197.0,28.7,73.6,0,197.1,0.7000000000000001,196.0,198.0,2.0,-1.0,-0.05073430127464794,28.77,0.04582575694955905,-0.10000000000000142,-0.004107080827689736,73.62,0.07483314773547951,0.0,-0.0024157962065215768,0,0.0,normal,0,unknown
run_1,sentinel_data_20260911_153823.csv,893008,915585,22.577,197.0,28.7,73.6,0,197.0,0.6324555320336759,196.0,198.0,2.0,-1.0,-0.028991529581860062,28.759999999999998,0.04898979485566426,-0.10000000000000142,-0.004831870234536173,73.62,0.07483314773547951,0.0,-0.00338217818995203,0,0.0,normal,0,unknown
run_1,sentinel_data_20260911_153823.csv,895516,918094,22.578,197.0,28.7,73.6,0,196.9,0.5385164807134505,196.0,198.0,2.0,0.0,-0.0024171747837707152,28.75,0.05000000000000071,-0.10000000000000142,-0.005073370595960582,73.62,0.0748331477354795,-0.10000000000000853,-0.0043484107643980245,0,0.0,normal,0,unknown
run_1,sentinel_data_20260911_153823.csv,898025,920603,22.578,196.0,28.8,73.6,0,196.8,0.6,196.0,198.0,2.0,-1.0,-0.01932864353408422,28.75,0.05000000000000071,0.0,-0.0026574092148105824,73.61,0.06999999999999988,-0.20000000000000284,-0.0026572551341894424,0,0.0,normal,0,unknown
run_1,sentinel_data_20260911_153823.csv,900533,923111,22.578,197.0,28.7,73.7,0,196.8,0.6,196.0,198.0,2.0,0.0,-0.009665477371701568,28.74,0.04898979485566426,-0.10000000000000142,-0.002415830060751013,73.6,0.04472135954999643,0.20000000000000284,0.004348540333538202,0,0.0,normal,0,unknown
run_1,sentinel_data_20260911_153823.csv,903042,925620,22.578,196.0,28.6,73.7,0,196.7,0.6403124237432849,196.0,198.0,2.0,-1.0,-0.021744942875515035,28.720000000000006,0.060000000000000143,-0.09999999999999787,-0.0038653610147804138,73.62,0.04000000000000341,0.10000000000000853,0.0038653610147807655,0,0.0,normal,0,unknown
run_1,sentinel_data_20260911_153823.csv,905551,928129,22.578,196.0,28.6,73.6,0,196.6,0.66332495807108,196.0,198.0,2.0,0.0,-0.02899258009957318,28.71,0.06999999999999988,-0.1999999999999993,-0.007005988068503962,73.62,0.04000000000000341,0.0,0.002898949848715043,0,0.0,normal,0,unknown
run_1,sentinel_data_20260911_153823.csv,908059,930637,22.578,197.0,28.7,73.7,0,196.7,0.6403124237432849,196.0,198.0,2.0,-1.0,-0.03623995472136018,28.7,0.06324555320336736,-0.10000000000000142,-0.004831775681967869,73.63000000000001,0.0458257569495623,0.10000000000000853,0.004106845619012978,0,0.0,normal,0,unknown
run_1,sentinel_data_20260911_153823.csv,910568,933146,22.578,195.0,28.6,73.5,0,196.4,0.66332495807108,195.0,197.0,2.0,-1.0,-0.038655536183488645,28.68,0.05999999999999943,-0.09999999999999787,-0.004348603367966067,73.62,0.060000000000002274,-0.09999999999999432,0.00048304974961763716,0,0.0,normal,0,unknown
run_1,sentinel_data_20260911_153823.csv,913077,935655,22.578,195.0,28.7,73.6,0,196.3,0.7810249675906654,195.0,197.0,2.0,-2.0,-0.07972535805674157,28.68,0.05999999999999943,0.0,-0.003382185197144513,73.62,0.06000000000000227,0.0,-0.0004833123887401947,0,0.0,normal,0,unknown
run_1,sentinel_data_20260911_153823.csv,915585,938164,22.579,196.0,28.7,73.7,0,196.2,0.7483314773547882,195.0,197.0,2.0,-1.0,-0.06764384399639228,28.68,0.05999999999999943,0.0,-0.0024157250105787255,73.63000000000001,0.06403124237433107,0.10000000000000853,0.0007246866883896128,0,0.0,normal,0,unknown
run_1,sentinel_data_20260911_153823.csv,918094,940672,22.578,196.0,28.7,73.7,0,196.1,0.7000000000000001,195.0,197.0,2.0,-1.0,-0.050734108623158136,28.679999999999996,0.05999999999999942,0.0,-0.0014494469107480842,73.64000000000001,0.06633249580711066,0.10000000000000853,0.0014494083913374357,0,0.0,normal,0,unknown
run_1,sentinel_data_20260911_153823.csv,920603,943181,22.578,194.0,28.7,73.7,0,195.8,0.8717797887081347,194.0,197.0,3.0,-2.0,-0.07247661768271359,28.679999999999996,0.05999999999999942,-0.10000000000000142,-0.00048310811661363644,73.65,0.06708203932499623,0.10000000000000853,0.0016909939658218737,0,0.0,normal,0,unknown
run_1,sentinel_data_20260911_153823.csv,923111,945690,22.579,195.0,28.7,73.6,0,195.7,0.9,194.0,197.0,3.0,-2.0,-0.0845535794169993,28.669999999999998,0.04582575694955742,0.0,0.003140462475117632,73.65,0.06708203932499623,-0.10000000000000853,-0.00072481099715494,0,0.0,normal,0,unknown
run_1,sentinel_data_20260911_153823.csv,925620,948199,22.579,196.0,28.7,73.6,0,195.6,0.8,194.0,197.0,3.0,0.0,-0.04348400265559171,28.669999999999998,0.04582575694955742,0.09999999999999787,0.004589924561493212,73.64000000000001,0.06633249580711065,-0.10000000000000853,-0.00048324117961735444,0,0.0,normal,0,unknown
run_1,sentinel_data_20260911_153823.csv,928129,950707,22.578,196.0,28.7,73.9,0,195.6,0.8,194.0,197.0,3.0,0.0,-0.024158557388385387,28.679999999999996,0.03999999999999915,0.09999999999999787,0.0033820824800496374,73.66,0.10198039027185882,0.30000000000001137,0.006763972369559112,0,0.0,normal,0,unknown
run_1,sentinel_data_20260911_153823.csv,930637,953216,22.579,196.0,28.6,73.7,0,195.6,0.8,194.0,197.0,3.0,-1.0,-0.004832411796172106,28.68,0.03999999999999915,-0.09999999999999787,-0.00048312562696784146,73.67,0.10049875621121182,0.0,0.006039185889747539,0,0.0,normal,0,unknown
run_1,sentinel_data_20260911_153823.csv,933146,955725,22.579,196.0,28.7,73.7,0,195.5,0.6708203932499369,194.0,196.0,2.0,1.0,0.04106877137990825,28.68,0.03999999999999915,0.09999999999999787,0.0004832073314365519,73.67,0.1004987562112118,0.20000000000000284,0.007488750689216983,0,0.0,normal,0,unknown
run_1,sentinel_data_20260911_153823.csv,935655,958233,22.578,196.0,28.6,73.9,0,195.6,0.66332495807108,194.0,196.0,2.0,1.0,0.03865365682830097,28.68,0.03999999999999915,-0.09999999999999787,-0.0033821034893175192,73.71000000000001,0.10440306508910922,0.30000000000001137,0.007971900231719906,0,0.0,normal,0,unknown
run_1,sentinel_data_20260911_153823.csv,938164,960742,22.578,197.0,28.6,73.8,0,195.8,0.7483314773547883,194.0,197.0,3.0,1.0,0.0531486978920795,28.670000000000005,0.04582575694955742,-0.09999999999999787,-0.004590030775601286,73.72999999999999,0.10049875621121167,0.09999999999999432,0.007005583029793922,0,0.0,normal,0,unknown
run_1,sentinel_data_20260911_153823.csv,940672,963251,22.579,196.0,28.6,73.9,0,195.8,0.7483314773547883,194.0,197.0,3.0,0.0,0.06281054508818035,28.660000000000004,0.048989794855662516,-0.09999999999999787,-0.005314702875017946,73.75,0.11180339887499266,0.20000000000000284,0.009904449432284787,0,0.0,normal,0,unknown
run_1,sentinel_data_20260911_153823.csv,943181,965760,22.579,196.0,28.6,73.8,0,195.8,0.7483314773547883,194.0,197.0,3.0,2.0,0.07247406142618011,28.650000000000006,0.049999999999998934,-0.09999999999999787,-0.005556290783467935,73.76,0.11135528725660356,0.09999999999999432,0.009662861523834738,0,0.0,normal,0,unknown
run_1,sentinel_data_20260911_153823.csv,945690,968268,22.578,195.0,28.6,73.9,0,195.9,0.5385164807134505,195.0,197.0,2.0,0.0,0.007247619747848747,28.640000000000004,0.048989794855662516,-0.09999999999999787,-0.005314792750386143,73.78,0.11661903789690961,0.30000000000001137,0.011112503354557048,0,0.0,normal,0,unknown
run_1,sentinel_data_20260911_153823.csv,948199,970777,22.578,196.0,28.6,73.8,0,196.0,0.4472135954999579,195.0,197.0,2.0,0.0,-0.01449478426739644,28.630000000000003,0.04582575694955742,-0.09999999999999787,-0.004590027857750353,73.79999999999998,0.10000000000000284,0.20000000000000284,0.006763975863286772,0,0.0,normal,0,unknown
run_1,sentinel_data_20260911_153823.csv,950707,973286,22.579,194.0,28.6,73.9,0,195.8,0.7483314773547882,194.0,197.0,3.0,-2.0,-0.057979102084088144,28.620000000000005,0.03999999999999915,-0.09999999999999787,-0.0033820661408359085,73.83,0.07810249675906847,0.0,0.00362347721694418,0,0.0,normal,0,unknown
run_1,sentinel_data_20260911_153823.csv,953216,975795,22.579,195.0,28.6,73.7,0,195.7,0.7810249675906654,194.0,197.0,3.0,-1.0,-0.07005783801631287,28.610000000000003,0.02999999999999936,0.0,-0.0016909782119372318,73.81,0.08306623862918219,0.0,0.002657075395673813,0,0.0,normal,0,unknown
run_1,sentinel_data_20260911_153823.csv,955725,978303,22.578,195.0,28.6,74.0,0,195.6,0.8,194.0,197.0,3.0,-1.0,-0.07730584291850998,28.610000000000003,0.02999999999999936,-0.09999999999999787,-0.002174154610630395,73.84,0.09165151389911778,0.29999999999999716,0.0038649069648446404,0,0.0,normal,0,unknown
run_1,sentinel_data_20260911_153823.csv,958233,980812,22.579,196.0,28.7,74.0,0,195.6,0.8,194.0,197.0,3.0,0.0,-0.05797892699112084,28.610000000000003,0.02999999999999936,0.09999999999999787,0.0021741808740046455,73.87,0.09000000000000088,0.09999999999999432,0.0036233651671592473,0,0.0,normal,0,unknown
run_1,sentinel_data_20260911_153823.csv,960742,983321,22.579,194.0,28.6,73.9,0,195.4,0.9165151389911681,194.0,197.0,3.0,-3.0,-0.0821375427598165,28.610000000000003,0.02999999999999936,0.0,0.0016910330704179542,73.86999999999999,0.09000000000000088,0.10000000000000853,0.005072906621644116,0,0.0,normal,0,unknown
run_1,sentinel_data_20260911_153823.csv,963251,985829,22.578,193.0,28.6,73.9,0,195.0,1.0,193.0,196.0,3.0,-3.0,-0.09180094234725637,28.610000000000003,0.02999999999999936,0.0,0.0012079243684328337,73.88,0.08717797887081406,0.0,0.0038650960482570487,0,0.0,normal,0,unknown
run_1,sentinel_data_20260911_153823.csv,965760,988338,22.578,192.0,28.6,73.9,0,194.6,1.2806248474865698,192.0,196.0,4.0,-4.0,-0.13045445910251813,28.610000000000003,0.02999999999999936,0.0,0.000724761974784859,73.88,0.08717797887081406,0.10000000000000853,0.004831451183082912,0,0.0,normal,0,unknown
run_1,sentinel_data_20260911_153823.csv,968268,990847,22.579,192.0,28.7,73.9,0,194.2,1.4000000000000001,192.0,196.0,4.0,-3.0,-0.14977949583655709,28.619999999999997,0.03999999999999915,0.09999999999999787,0.002415840566019587,73.89,0.0830662386291808,0.0,0.003140334662007676,0,0.0,normal,0,unknown
run_1,sentinel_data_20260911_153823.csv,970777,993356,22.579,193.0,28.6,74.0,0,194.0,1.4142135623730951,192.0,196.0,4.0,-3.0,-0.15461125400555698,28.620000000000005,0.03999999999999915,0.0,0.0014494889322196316,73.9,0.08944271909999127,0.20000000000000284,0.005797801654957597,0,0.0,normal,0,unknown
run_1,sentinel_data_20260911_153823.csv,973286,995864,22.578,195.0,28.6,73.9,0,193.9,1.3,192.0,196.0,4.0,1.0,-0.07972343203222772,28.620000000000005,0.03999999999999915,0.0,0.0004831874896601883,73.91,0.08306623862917961,0.0,0.003140468306620848,0,0.0,normal,0,unknown
run_1,sentinel_data_20260911_153823.csv,975795,998373,22.578,197.0,28.6,73.9,0,194.2,1.6,192.0,197.0,5.0,2.0,-0.009663703101260758,28.620000000000005,0.03999999999999915,0.0,-0.00048314663583829304,73.91,0.08306623862917961,0.20000000000000284,0.0026572872374984596,0,0.0,normal,0,unknown
run_1,sentinel_data_20260911_153823.csv,978303,1000882,22.579,197.0,28.6,73.9,0,194.4,1.8,192.0,197.0,5.0,2.0,0.07247339613108524,28.620000000000005,0.03999999999999915,0.0,-0.001449429404699678,73.92999999999999,0.04582575694955579,-0.09999999999999432,-0.003140462475117521,0,0.0,normal,0,unknown
run_1,sentinel_data_20260911_153823.csv,980812,1003391,22.579,196.0,28.6,73.8,0,194.5,1.857417562100671,192.0,197.0,5.0,0.0,0.12320512356225732,28.620000000000005,0.03999999999999915,-0.09999999999999787,-0.0024157436874885667,73.91,0.05385164807134488,-0.20000000000000284,-0.004106798934525534,0,0.0,normal,0,unknown
run_1,sentinel_data_20260911_153823.csv,983321,1005900,22.579,196.0,28.7,73.8,0,194.5,1.857417562100671,192.0,197.0,5.0,2.0,0.19567407267814724,28.619999999999997,0.03999999999999915,0.09999999999999787,0.0014495274470711203,73.89,0.05385164807134672,-0.10000000000000853,-0.004106795431797042,0,0.0,normal,0,unknown
run_1,sentinel_data_20260911_153823.csv,985829,1008408,22.579,196.0,28.7,73.6,0,194.7,1.9,192.0,197.0,5.0,3.0,0.2149984617304194,28.630000000000003,0.04582575694955742,0.09999999999999787,0.002657351437323139,73.86,0.10198039027185882,-0.30000000000001137,-0.01014591129923717,0,0.0,normal,0,unknown
run_1,sentinel_data_20260911_153823.csv,988338,1010917,22.579,197.0,28.7,73.7,0,195.1,1.9209372712298545,192.0,197.0,5.0,5.0,0.2198326475852905,28.639999999999997,0.048989794855662516,0.09999999999999787,0.003382099988991309,73.84,0.11135528725660304,-0.20000000000000284,-0.01256181605445646,0,0.0,normal,0,unknown
run_1,sentinel_data_20260911_153823.csv,990847,1013426,22.579,197.0,28.7,73.8,0,195.6,1.6852299546352716,192.0,197.0,5.0,5.0,0.17876429057610949,28.65,0.04999999999999894,0.0,0.003623678559633546,73.83,0.11000000000000253,-0.10000000000000853,-0.011837080342529744,0,0.0,normal,0,unknown
run_1,sentinel_data_20260911_153823.csv,993356,1015935,22.579,197.0,28.7,73.8,0,196.1,1.2206555615733703,193.0,197.0,4.0,4.0,0.11353780808816755,28.65,0.04999999999999894,0.09999999999999787,0.006039347547900051,73.82,0.1077032961426924,-0.20000000000000284,-0.01062902058682194,0,0.0,normal,0,unknown
run_1,sentinel_data_20260911_153823.csv,995864,1018444,22.58,196.0,28.7,73.8,0,196.4,0.66332495807108,195.0,197.0,2.0,1.0,0.028988132948170344,28.659999999999997,0.048989794855662516,0.09999999999999787,0.005797626589633945,73.79999999999998,0.08944271909999445,-0.10000000000000853,-0.006280601660610427,0,0.0,normal,0,unknown
run_1,sentinel_data_20260911_153823.csv,998373,1020952,22.579,196.0,28.6,73.7,0,196.5,0.5,196.0,197.0,1.0,-1.0,-0.016910558296591667,28.660000000000004,0.048989794855662516,0.0,0.0028989638554862583,73.78,0.08717797887081537,-0.20000000000000284,-0.005797542548501658,0,0.0,normal,0,unknown
run_1,sentinel_data_20260911_153823.csv,1000882,1023461,22.579,197.0,28.6,73.8,0,196.5,0.5,196.0,197.0,1.0,0.0,0.007246971949352318,28.660000000000004,0.048989794855662516,0.0,7.703398298527188e-08,73.77000000000001,0.07810249675906757,-0.10000000000000853,-0.002173937516839807,0,0.0,normal,0,unknown
run_1,sentinel_data_20260911_153823.csv,1003391,1025970,22.579,196.0,28.6,73.9,0,196.4,0.4898979485566356,196.0,197.0,1.0,0.0,0.009662757655774734,28.660000000000004,0.048989794855662516,0.0,-0.002898865813723851,73.77,0.07810249675906757,0.10000000000000853,0.004107105319858803,0,0.0,normal,0,unknown
run_1,sentinel_data_20260911_153823.csv,1005900,1028479,22.579,196.0,28.6,73.8,0,196.4,0.4898979485566356,196.0,197.0,1.0,0.0,-0.009663341239111453,28.660000000000004,0.048989794855662516,-0.09999999999999787,-0.005797696613489816,73.77,0.07810249675906757,0.0,0.005556469357798146,0,0.0,normal,0,unknown
run_1,sentinel_data_20260911_153823.csv,1008408,1030988,22.58,196.0,28.6,73.9,0,196.4,0.4898979485566356,196.0,197.0,1.0,0.0,-0.02898813294817034,28.650000000000006,0.049999999999998934,-0.09999999999999787,-0.00603911412512192,73.77999999999999,0.08717797887081537,0.30000000000001137,0.00917980010301184,0,0.0,normal,0,unknown
run_1,sentinel_data_20260911_153823.csv,1010917,1033496,22.579,197.0,28.6,73.8,0,196.5,0.5,196.0,197.0,1.0,0.0,-0.026574284698174296,28.640000000000004,0.048989794855662516,-0.09999999999999787,-0.005797696613489816,73.79999999999998,0.06324555320336848,0.09999999999999432,0.004831670619555796,0,0.0,normal,0,unknown
run_1,sentinel_data_20260911_153823.csv,1013426,1036005,22.579,197.0,28.7,73.8,0,196.5,0.5,196.0,197.0,1.0,0.0,-0.0024169412161671976,28.639999999999997,0.048989794855662516,0.0,-0.0028988658137238505,73.80999999999999,0.05385164807134673,0.0,0.0021743612037462274,0,0.0,normal,0,unknown
run_1,sentinel_data_20260911_153823.csv,1015935,1038514,22.579,197.0,28.7,73.8,0,196.5,0.5,196.0,197.0,1.0,0.0,0.021740915848056958,28.639999999999997,0.048989794855662516,0.0,7.70339829854857e-08,73.80999999999999,0.05385164807134673,0.0,0.0016912040624616341,0,0.0,normal,0,unknown
run_2,sentinel_data_20260911_165323.csv,126877,149456,22.579,211.0,28.5,73.6,0,212.5,2.8722813232690143,208.0,217.0,9.0,-4.0,-0.2729832538201611,28.5,0.0,0.0,0.0,73.62,0.1077032961426895,-0.10000000000000853,-0.0101463910121181,0,0.0,normal,0,unknown
run_2,sentinel_data_20260911_165323.csv,129386,151965,22.579,210.0,28.6,73.5,0,212.0,2.8284271247461903,208.0,217.0,9.0,-5.0,-0.2609024752315588,28.51,0.030000000000000426,0.10000000000000142,0.0021742579091042955,73.60000000000001,0.10954451150103219,-0.29999999999999716,-0.010629495626738726,0,0.0,normal,0,unknown
run_2,sentinel_data_20260911_165323.csv,131895,154474,22.579,209.0,28.5,73.5,0,211.4,2.764054992217051,208.0,217.0,9.0,-8.0,-0.2464038742644835,28.51,0.030000000000000426,0.0,0.0016910447414554995,73.57000000000001,0.08999999999999898,-0.20000000000000284,-0.007488884914707732,0,0.0,normal,0,unknown
run_2,sentinel_data_20260911_165323.csv,134403,156983,22.58,200.0,28.5,73.4,0,209.7,3.8223029707232783,200.0,216.0,16.0,-16.0,-0.34544933166335606,28.51,0.030000000000000426,0.0,0.001207836246762304,73.53999999999999,0.09165151389911406,-0.19999999999998863,-0.007730375363798172,0,0.0,normal,0,unknown
run_2,sentinel_data_20260911_165323.csv,136912,159492,22.58,204.0,28.5,73.5,0,208.5,3.52845575287547,200.0,212.0,12.0,-6.0,-0.3019652763980293,28.51,0.030000000000000426,0.0,0.0007246796899017142,73.53,0.08999999999999757,-0.20000000000000284,-0.007005583628510233,0,0.0,normal,0,unknown
run_2,sentinel_data_20260911_165323.csv,139421,162001,22.58,212.0,28.5,73.4,0,208.7,3.661966684720111,200.0,212.0,12.0,4.0,-0.1860064481327728,28.51,0.030000000000000426,0.0,0.000241534804882027,73.5,0.07745966692414394,-0.19999999999998863,-0.0053146129952472195,0,0.0,normal,0,unknown
run_2,sentinel_data_20260911_165323.csv,141930,164510,22.58,208.0,28.5,73.4,0,208.7,3.661966684720111,200.0,212.0,12.0,-4.0,-0.2198179306857965,28.51,0.030000000000000426,0.0,-0.00024158440438487298,73.47999999999999,0.07483314773547457,0.0,-0.0048314570170090365,0,0.0,normal,0,unknown
run_2,sentinel_data_20260911_165323.csv,144438,167019,22.581,206.0,28.5,73.4,0,208.1,3.5623026261113755,200.0,212.0,12.0,-4.0,-0.19082817010278152,28.51,0.030000000000000426,0.0,-0.0007246639370991804,73.47999999999999,0.07483314773547457,-0.19999999999998863,-0.008695967245189548,0,0.0,normal,0,unknown
run_2,sentinel_data_20260911_165323.csv,146947,169528,22.581,206.0,28.5,73.5,0,207.7,3.55105618091294,200.0,212.0,12.0,-5.0,-0.18599707718878702,28.51,0.030000000000000426,0.0,-0.0012077732284986344,73.47,0.06403124237432484,0.0,-0.005072647559693904,0,0.0,normal,0,unknown
run_2,sentinel_data_20260911_165323.csv,149456,172037,22.581,207.0,28.6,73.4,0,207.3,3.377869150810907,200.0,212.0,12.0,-4.0,-0.11353068347886999,28.520000000000003,0.04000000000000057,0.10000000000000142,0.00048310929139945395,73.46000000000001,0.06633249580710422,-0.19999999999998863,-0.005797311496793032,0,0.0,normal,0,unknown
run_2,sentinel_data_20260911_165323.csv,151965,174546,22.581,209.0,28.5,73.4,0,207.1,3.2078029864690882,200.0,212.0,12.0,-1.0,0.021739918112975102,28.52,0.04000000000000057,-0.10000000000000142,-0.00048310929139945373,73.44,0.048989794855660775,-0.09999999999999432,-0.0033817650397959353,0,0.0,normal,0,unknown
run_2,sentinel_data_20260911_165323.csv,154474,177055,22.581,208.0,28.6,73.4,0,206.9,3.0805843601498726,200.0,212.0,12.0,-1.0,0.11836177639286447,28.520000000000003,0.04000000000000057,0.10000000000000142,0.0033817650397961756,73.42999999999999,0.04582575694955579,-0.09999999999999432,-0.002657101102696806,0,0.0,normal,0,unknown
run_2,sentinel_data_20260911_165323.csv,156983,179564,22.581,208.0,28.5,73.4,0,206.8,3.026549190084311,200.0,212.0,12.0,8.0,0.1980748094737732,28.52,0.04000000000000057,0.0,0.0024155464569972688,73.42,0.039999999999997725,0.0,-0.001449327874198258,0,0.0,normal,0,unknown
run_2,sentinel_data_20260911_165323.csv,159492,182073,22.581,208.0,28.5,73.4,0,207.6,2.009975124224178,204.0,212.0,8.0,4.0,0.04347983622595023,28.52,0.04000000000000057,0.0,0.0014493278741983613,73.42,0.039999999999997725,-0.09999999999999432,-0.0024155464569970966,0,0.0,normal,0,unknown
run_2,sentinel_data_20260911_165323.csv,162001,184582,22.581,207.0,28.5,73.4,0,207.9,1.6401219466856725,206.0,212.0,6.0,-5.0,-0.06521975433892532,28.52,0.04000000000000057,0.0,0.00048310929139945384,73.41,0.02999999999999829,0.0,-0.0007246639370991289,0,0.0,normal,0,unknown
run_2,sentinel_data_20260911_165323.csv,164510,187091,22.581,207.0,28.5,73.5,0,207.4,0.9165151389911679,206.0,209.0,3.0,-1.0,0.024155464569972338,28.52,0.04000000000000057,0.0,-0.0004831092913994536,73.42,0.039999999999997725,0.09999999999999432,0.0009662185827988388,0,0.0,normal,0,unknown
run_2,sentinel_data_20260911_165323.csv,167019,189600,22.581,207.0,28.5,73.5,0,207.3,0.9,206.0,209.0,3.0,1.0,0.03140210394096405,28.52,0.04000000000000057,0.0,-0.001449327874198361,73.43,0.04582575694955579,0.09999999999999432,0.002173991811297387,0,0.0,normal,0,unknown
run_2,sentinel_data_20260911_165323.csv,169528,192109,22.581,208.0,28.5,73.5,0,207.5,0.806225774829855,206.0,209.0,3.0,2.0,0.01207773228498617,28.52,0.04000000000000057,0.0,-0.0024155464569972683,73.44000000000001,0.048989794855660775,0.0,0.002898655748396516,0,0.0,normal,0,unknown
run_2,sentinel_data_20260911_165323.csv,172037,194618,22.581,208.0,28.5,73.4,0,207.7,0.6403124237432849,207.0,209.0,2.0,1.0,-0.01690882519898064,28.52,0.04000000000000057,-0.10000000000000142,-0.0033817650397961756,73.43,0.04582575694955579,0.0,0.0036233196854956453,0,0.0,normal,0,unknown
run_2,sentinel_data_20260911_165323.csv,174546,197128,22.582,207.0,28.6,73.4,0,207.7,0.6403124237432849,207.0,209.0,2.0,-2.0,-0.05072561782122383,28.520000000000003,0.04000000000000057,0.10000000000000142,0.0004832423196928074,73.42999999999999,0.04582575694955579,0.0,0.002173839524183338,0,0.0,normal,0,unknown
run_2,sentinel_data_20260911_165323.csv,177055,199637,22.582,208.0,28.5,73.3,0,207.6,0.4898979485566356,207.0,208.0,1.0,0.0,-0.009661824064575584,28.52,0.04000000000000057,-0.10000000000000142,-0.00048295642827272207,73.41999999999999,0.05999999999999943,-0.10000000000000853,-0.0014494853989032365,0,0.0,normal,0,unknown
run_2,sentinel_data_20260911_165323.csv,179564,202146,22.582,208.0,28.5,73.4,0,207.6,0.4898979485566356,207.0,208.0,1.0,0.0,0.009661590693101935,28.51,0.030000000000000426,0.0,0.0012077854755882167,73.41999999999999,0.05999999999999943,0.0,-0.002415609457376706,0,0.0,normal,0,unknown
run_2,sentinel_data_20260911_165323.csv,182073,204655,22.582,212.0,28.6,73.4,0,208.0,1.4142135623730951,207.0,212.0,5.0,4.0,0.11593856327681339,28.520000000000003,0.04000000000000057,0.10000000000000142,0.0028985507196152473,73.42,0.05999999999999942,0.0,-0.00338171951750205,0,0.0,normal,0,unknown
run_2,sentinel_data_20260911_165323.csv,184582,207164,22.582,214.0,28.5,73.4,0,208.6,2.2891046284519194,207.0,214.0,7.0,7.0,0.24636753484854484,28.52,0.04000000000000057,0.0,0.0019323963171764772,73.41999999999999,0.05999999999999942,0.0,-0.004347843581826674,0,0.0,normal,0,unknown
run_2,sentinel_data_20260911_165323.csv,187091,209673,22.582,218.0,28.6,73.4,0,209.7,3.5510561809129406,207.0,218.0,11.0,11.0,0.4081969648940647,28.53,0.04582575694955905,0.10000000000000142,0.0031400773600954363,73.41999999999999,0.05999999999999942,-0.09999999999999432,-0.0053140096526276106,0,0.0,normal,0,unknown
run_2,sentinel_data_20260911_165323.csv,189600,212182,22.582,217.0,28.6,73.4,0,210.7,4.026164427839479,207.0,218.0,11.0,10.0,0.4951543089149622,28.540000000000003,0.04898979485566426,0.10000000000000142,0.003864713289641234,73.41,0.05385164807134488,-0.09999999999999432,-0.003623279414363951,0,0.0,normal,0,unknown
run_2,sentinel_data_20260911_165323.csv,192109,214691,22.582,214.0,28.6,73.3,0,211.4,3.9293765408777,207.0,218.0,11.0,6.0,0.4685928835980216,28.550000000000004,0.05000000000000072,0.10000000000000142,0.004106304107792408,73.39,0.05385164807134673,-0.20000000000000284,-0.0036232706652590267,0,0.0,normal,0,unknown
run_2,sentinel_data_20260911_165323.csv,194618,217200,22.582,214.0,28.6,73.3,0,212.0,3.82099463490856,207.0,218.0,11.0,6.0,0.43478715905295223,28.560000000000002,0.04898979485566426,0.10000000000000142,0.0038648218129993766,73.36999999999999,0.0458257569495623,-0.10000000000000853,-0.002657043335443968,0,0.0,normal,0,unknown
run_2,sentinel_data_20260911_165323.csv,197128,219709,22.581,213.0,28.5,73.4,0,212.5,3.5846896657869842,207.0,218.0,11.0,6.0,0.35025423626459895,28.560000000000002,0.04898979485566426,-0.10000000000000142,0.0009662185827989077,73.36999999999999,0.045825756949562306,0.0,-0.0012077732284987198,0,0.0,normal,0,unknown
run_2,sentinel_data_20260911_165323.csv,199637,222218,22.581,213.0,28.6,73.3,0,213.1,3.0805843601498726,208.0,218.0,10.0,5.0,0.21498363467275386,28.560000000000002,0.04898979485566426,0.10000000000000142,0.0028986557483967226,73.35999999999999,0.04898979485566774,0.0,-0.0019324371655979518,0,0.0,normal,0,unknown
run_2,sentinel_data_20260911_165323.csv,202146,224727,22.581,212.0,28.5,73.1,0,213.5,2.6172504656604803,208.0,218.0,10.0,4.0,0.055557568510936385,28.560000000000002,0.04898979485566426,0.0,2.1377403695576327e-19,73.34,0.09165151389912089,-0.30000000000001137,-0.009179076536589965,0,0.0,normal,0,unknown
run_2,sentinel_data_20260911_165323.csv,204655,227236,22.581,213.0,28.5,73.3,0,214.0,1.8973665961010275,212.0,218.0,6.0,1.0,-0.10145295119388384,28.560000000000002,0.04898979485566426,-0.10000000000000142,-0.002898655748396722,73.33,0.09000000000000405,-0.10000000000000853,-0.0084544125994908,0,0.0,normal,0,unknown
run_2,sentinel_data_20260911_165323.csv,207164,229745,22.581,212.0,28.6,73.2,0,214.0,1.8973665961010275,212.0,218.0,6.0,-2.0,-0.1980748094737732,28.560000000000002,0.04898979485566426,0.10000000000000142,-0.0009662185827989075,73.30999999999999,0.09433981132056926,-0.20000000000000284,-0.009420631182289535,0,0.0,normal,0,unknown
run_2,sentinel_data_20260911_165323.csv,209673,232254,22.581,211.0,28.6,73.4,0,213.7,2.0999999999999996,211.0,218.0,7.0,-7.0,-0.2632945638126985,28.570000000000004,0.04582575694955905,0.0,-0.0016908825198980874,73.31,0.09433981132056926,0.0,-0.005072647559694281,0,0.0,normal,0,unknown
run_2,sentinel_data_20260911_165323.csv,212182,234763,22.581,212.0,28.5,73.2,0,213.1,1.5779733838059498,211.0,217.0,6.0,-5.0,-0.18599707718878705,28.560000000000002,0.04898979485566426,-0.10000000000000142,-0.0024155464569972688,73.28999999999999,0.0943398113205685,-0.20000000000000284,-0.005072647559694108,0,0.0,normal,0,unknown
run_2,sentinel_data_20260911_165323.csv,214691,237272,22.581,212.0,28.5,73.3,0,212.6,0.9165151389911679,211.0,214.0,3.0,-2.0,-0.10628404410787831,28.55,0.05000000000000071,-0.10000000000000142,-0.0026571011026969953,73.28,0.08717797887081537,0.0,-0.0019324371655976434,0,0.0,normal,0,unknown
run_2,sentinel_data_20260911_165323.csv,217200,239781,22.581,212.0,28.5,73.3,0,212.4,0.8,211.0,214.0,3.0,-2.0,-0.08212857953790595,28.54,0.04898979485566426,-0.10000000000000142,-0.0024155464569972683,73.28,0.08717797887081537,0.0,-0.000966218582798873,0,0.0,normal,0,unknown
run_2,sentinel_data_20260911_165323.csv,219709,242290,22.581,212.0,28.6,73.3,0,212.2,0.6000000000000001,211.0,213.0,2.0,-1.0,-0.04831092913994468,28.540000000000003,0.04898979485566426,0.10000000000000142,0.00048310929139945384,73.28,0.08717797887081537,-0.10000000000000853,-1.0319941634039471e-16,0,0.0,normal,0,unknown
run_2,sentinel_data_20260911_165323.csv,222218,244799,22.581,213.0,28.5,73.3,0,212.2,0.6000000000000001,211.0,213.0,2.0,0.0,-0.009662185827988935,28.540000000000003,0.04898979485566426,-0.10000000000000142,-0.0014493278741983613,73.27,0.07810249675906757,0.0,0.003623319685495851,0,0.0,normal,0,unknown
run_2,sentinel_data_20260911_165323.csv,224727,247308,22.581,212.0,28.4,73.3,0,212.1,0.5385164807134505,211.0,213.0,2.0,0.0,0.007246639370991702,28.52,0.06000000000000085,-0.10000000000000142,-0.0028986557483967226,73.27,0.07810249675906757,0.20000000000000284,0.00507264755969411,0,0.0,normal,0,unknown
run_2,sentinel_data_20260911_165323.csv,227236,249817,22.581,212.0,28.5,73.4,0,212.1,0.5385164807134505,211.0,213.0,2.0,-1.0,0.0024155464569972306,28.52,0.06000000000000085,0.0,-0.003864874331195629,73.29999999999998,0.06324555320336848,0.10000000000000853,0.0033817650397960732,0,0.0,normal,0,unknown
run_2,sentinel_data_20260911_165323.csv,229745,252326,22.581,209.0,28.5,73.5,0,211.7,1.004987562112089,209.0,213.0,4.0,-3.0,-0.04106428976895298,28.52,0.06000000000000085,-0.10000000000000142,-0.004831092913994537,73.32,0.08717797887081406,0.29999999999999716,0.00772974866239102,0,0.0,normal,0,unknown
run_2,sentinel_data_20260911_165323.csv,232254,254834,22.58,209.0,28.5,73.6,0,211.4,1.2806248474865698,209.0,213.0,4.0,-2.0,-0.09179013501403309,28.51,0.053851648071345806,-0.10000000000000142,-0.003140327674533925,73.36,0.11135528725659997,0.19999999999998863,0.010628404392368293,0,0.0,normal,0,unknown
run_2,sentinel_data_20260911_165323.csv,234763,257343,22.58,208.0,28.5,73.4,0,211.1,1.6401219466856725,208.0,213.0,5.0,-4.0,-0.17633850871325038,28.5,0.04472135954999643,0.0,-0.0009662932718631993,73.36,0.11135528725659997,0.20000000000000284,0.0125612733510487,0,0.0,normal,0,unknown
run_2,sentinel_data_20260911_165323.csv,237272,259852,22.58,207.0,28.6,73.5,0,210.6,2.009975124224178,207.0,213.0,6.0,-5.0,-0.2415641331754558,28.51,0.053851648071345806,0.10000000000000142,0.0012077609691553916,73.39,0.10440306508910568,0.20000000000000284,0.011353584739892498,0,0.0,normal,0,unknown
run_2,sentinel_data_20260911_165323.csv,239781,262361,22.58,205.0,28.5,73.6,0,209.9,2.5475478405713994,205.0,213.0,8.0,-7.0,-0.3261161717715411,28.51,0.053851648071345806,0.0,0.0007246324218271195,73.41999999999999,0.11661903789690523,0.29999999999999716,0.01352781988413898,0,0.0,normal,0,unknown
run_2,sentinel_data_20260911_165323.csv,242290,264870,22.58,205.0,28.5,73.5,0,209.2,2.8213471959331766,205.0,213.0,8.0,-7.0,-0.37684765406413695,28.51,0.053851648071345806,-0.10000000000000142,0.00024148753548798352,73.44,0.11135528725659946,0.20000000000000284,0.012078420824036385,0,0.0,normal,0,unknown
run_2,sentinel_data_20260911_165323.csv,244799,267379,22.58,205.0,28.4,73.5,0,208.5,2.9068883707497264,205.0,213.0,8.0,-8.0,-0.39375661920226873,28.49,0.053851648071345806,-0.10000000000000142,0.00024146711146430332,73.46000000000001,0.10198039027185436,0.20000000000000284,0.009662651459525926,0,0.0,normal,0,unknown
run_2,sentinel_data_20260911_165323.csv,247308,269887,22.579,206.0,28.5,73.7,0,207.8,2.5612496949731396,205.0,212.0,7.0,-6.0,-0.32853998132856843,28.49,0.053851648071345806,0.10000000000000142,0.0007246149121075905,73.5,0.1095445115010322,0.4000000000000057,0.010628982072435678,0,0.0,normal,0,unknown
run_2,sentinel_data_20260911_165323.csv,249817,272396,22.579,207.0,28.5,73.5,0,207.3,2.1470910553583886,205.0,212.0,7.0,-5.0,-0.2343288265398254,28.5,0.04472135954999643,0.0,-0.0014495519564798145,73.52000000000001,0.08717797887081145,0.09999999999999432,0.005314446099510551,0,0.0,normal,0,unknown
run_2,sentinel_data_20260911_165323.csv,252326,274905,22.579,208.0,28.4,73.4,0,206.9,1.5132745950421556,205.0,209.0,4.0,-1.0,-0.09421650032018933,28.49,0.053851648071345806,-0.10000000000000142,-0.003623690811559493,73.52,0.08717797887081144,-0.09999999999999432,-0.0004832948636416499,0,0.0,normal,0,unknown
run_2,sentinel_data_20260911_165323.csv,254834,277414,22.58,209.0,28.5,73.6,0,206.9,1.5132745950421556,205.0,209.0,4.0,0.0,0.007242857906757907,28.49,0.053851648071345806,0.0,-0.003140458973641201,73.53,0.08999999999999757,0.0,0.0007245939072548014,0,0.0,normal,0,unknown
run_2,sentinel_data_20260911_165323.csv,257343,279923,22.58,210.0,28.5,73.6,0,207.0,1.6733200530681511,205.0,210.0,5.0,2.0,0.13044563539780527,28.49,0.053851648071345806,0.0,-0.002657325759329092,73.53,0.08999999999999757,0.19999999999998863,0.004106636119841244,0,0.0,normal,0,unknown
run_2,sentinel_data_20260911_165323.csv,259852,282431,22.579,211.0,28.5,73.6,0,207.3,2.0518284528683193,205.0,211.0,6.0,4.0,0.2439881002852826,28.49,0.053851648071345806,-0.10000000000000142,-0.002174280665985445,73.55,0.08062257748298356,0.09999999999999432,0.0021740495685025566,0,0.0,normal,0,unknown
run_2,sentinel_data_20260911_165323.csv,262361,284940,22.579,211.0,28.5,73.6,0,207.7,2.325940669922601,205.0,211.0,6.0,6.0,0.316464846182017,28.48,0.04000000000000057,0.0,0.0009662372485859942,73.56,0.07999999999999795,0.0,0.0019324744971717484,0,0.0,normal,0,unknown
run_2,sentinel_data_20260911_165323.csv,264870,287449,22.579,211.0,28.4,73.6,0,208.3,2.325940669922601,205.0,211.0,6.0,6.0,0.316464846182017,28.47,0.04582575694955905,-0.10000000000000142,-0.00024165560462523046,73.56,0.07999999999999795,0.09999999999999432,0.003865103062309503,0,0.0,normal,0,unknown
run_2,sentinel_data_20260911_165323.csv,267379,289958,22.579,211.0,28.4,73.6,0,208.9,2.1656407827707715,205.0,211.0,6.0,6.0,0.28747217295510624,28.459999999999997,0.04898979485566426,0.0,-0.0009664111564053927,73.57000000000001,0.07810249675906447,0.09999999999999432,0.0031403451761663247,0,0.0,normal,0,unknown
run_2,sentinel_data_20260911_165323.csv,269887,292466,22.579,210.0,28.5,73.7,0,209.4,1.7435595774162693,206.0,211.0,5.0,4.0,0.20775648519100753,28.47,0.045825756949559045,0.0,-0.0016911217743219003,73.59,0.08306623862917978,0.0,0.004106602849630488,0,0.0,normal,0,unknown
run_2,sentinel_data_20260911_165323.csv,272396,294975,22.579,211.0,28.4,73.7,0,209.9,1.374772708486752,207.0,211.0,4.0,4.0,0.15219574258431132,28.459999999999997,0.04898979485566426,-0.10000000000000142,-0.002415859240138011,73.59,0.08306623862917978,0.20000000000000284,0.009421527489119917,0,0.0,normal,0,unknown
run_2,sentinel_data_20260911_165323.csv,274905,297483,22.578,212.0,28.5,73.6,0,210.4,1.1135528725660042,208.0,212.0,4.0,4.0,0.12079244847584625,28.459999999999997,0.04898979485566426,0.10000000000000142,-0.0004833053828846428,73.60000000000001,0.0774596669241476,0.19999999999998863,0.007247654763422224,0,0.0,normal,0,unknown
run_2,sentinel_data_20260911_165323.csv,277414,299992,22.578,211.0,28.5,73.7,0,210.7,0.7810249675906655,209.0,212.0,3.0,2.0,0.07005978728129951,28.47,0.045825756949559045,0.0,-0.001208138565673448,73.63000000000001,0.0458257569495623,0.10000000000000853,0.004107000866110723,0,0.0,normal,0,unknown
run_2,sentinel_data_20260911_165323.csv,279923,302501,22.578,210.0,28.4,73.6,0,210.8,0.6,210.0,212.0,2.0,0.0,0.009662057238894562,28.459999999999997,0.04898979485566426,-0.10000000000000142,-0.0019329122122174263,73.63000000000001,0.045825756949562306,0.0,0.002657441314025096,0,0.0,normal,0,unknown
run_2,sentinel_data_20260911_165323.csv,282431,305010,22.579,207.0,28.5,73.8,0,210.5,1.284523257866513,207.0,212.0,5.0,-4.0,-0.0942204573637591,28.459999999999997,0.04898979485566426,0.0,-1.9259519304140043e-07,73.65,0.06708203932499623,0.20000000000000284,0.005556467616841701,0,0.0,normal,0,unknown
run_2,sentinel_data_20260911_165323.csv,284940,307519,22.579,207.0,28.4,73.6,0,210.1,1.6401219466856725,207.0,212.0,5.0,-4.0,-0.15703347686626803,28.45,0.05000000000000071,-0.10000000000000142,-0.00024180092818242,73.65,0.06708203932499623,0.0,0.0031405231663931546,0,0.0,normal,0,unknown
run_2,sentinel_data_20260911_165323.csv,287449,310027,22.578,209.0,28.5,73.7,0,209.9,1.6401219466856725,207.0,212.0,5.0,-2.0,-0.15703517527450966,28.45,0.05000000000000071,0.10000000000000142,0.0021740250423109915,73.66,0.06633249580711065,0.10000000000000853,0.002898956851246052,0,0.0,normal,0,unknown
run_2,sentinel_data_20260911_165323.csv,289958,312536,22.578,209.0,28.4,73.7,0,209.7,1.6155494421403513,207.0,212.0,5.0,-2.0,-0.14737029903223806,28.45,0.05000000000000071,0.0,-0.00024180092818241967,73.67,0.06403124237433107,0.10000000000000853,0.0021742053829902183,0,0.0,normal,0,unknown
run_2,sentinel_data_20260911_165323.csv,292466,315045,22.579,208.0,28.4,73.6,0,209.4,1.624807680927192,207.0,212.0,5.0,-2.0,-0.14978218032742413,28.449999999999996,0.05000000000000072,-0.10000000000000142,-0.002657479828039173,73.67000000000002,0.06403124237433107,-0.10000000000000853,-0.0012078543362198525,0,0.0,normal,0,unknown
run_2,sentinel_data_20260911_165323.csv,294975,317553,22.578,210.0,28.4,73.8,0,209.4,1.624807680927192,207.0,212.0,5.0,-1.0,-0.12079682543622436,28.439999999999998,0.04898979485566426,0.0,-0.0024159211015557353,73.67999999999999,0.07483314773548065,0.09999999999999432,0.0024156899940238354,0,0.0,normal,0,unknown
run_2,sentinel_data_20260911_165323.csv,297483,320062,22.579,209.0,28.4,73.8,0,209.2,1.5362291495737217,207.0,212.0,5.0,-3.0,-0.08697612900835867,28.439999999999998,0.04898979485566426,-0.10000000000000142,-0.004348498308531054,73.68999999999998,0.08306623862918218,0.20000000000000284,0.005556144881194109,0,0.0,normal,0,unknown
run_2,sentinel_data_20260911_165323.csv,299992,322571,22.579,208.0,28.4,73.9,0,208.8,1.2489995996796797,207.0,211.0,4.0,-3.0,-0.03865868756963518,28.43,0.045825756949559045,-0.10000000000000142,-0.00362378010826966,73.72,0.09797958971132939,0.20000000000000284,0.007730427885596904,0,0.0,normal,0,unknown
run_2,sentinel_data_20260911_165323.csv,302501,325079,22.578,207.0,28.4,73.7,0,208.4,1.1135528725660042,207.0,210.0,3.0,-3.0,-0.01932979913874368,28.419999999999998,0.04000000000000057,0.0,-0.0024159071010616436,73.72,0.09797958971132939,0.10000000000000853,0.006764408914444736,0,0.0,normal,0,unknown
run_2,sentinel_data_20260911_165323.csv,305010,327588,22.578,208.0,28.4,73.8,0,208.2,0.9797958971132713,207.0,210.0,3.0,1.0,0.014493418524202892,28.419999999999998,0.04000000000000057,-0.10000000000000142,-0.003382311265163197,73.73999999999998,0.09165151389911842,0.0,0.005314895470769297,0,0.0,normal,0,unknown
run_2,sentinel_data_20260911_165323.csv,307519,330096,22.577,207.0,28.5,73.7,0,208.2,0.9797958971132713,207.0,210.0,3.0,0.0,-0.04348767959109441,28.419999999999998,0.04000000000000057,0.10000000000000142,0.00048302523176581015,73.73,0.09000000000000168,0.10000000000000853,0.006039876315000731,0,0.0,normal,0,unknown
run_2,sentinel_data_20260911_165323.csv,310027,332605,22.578,207.0,28.4,73.8,0,208.2,0.9797958971132712,207.0,210.0,3.0,-2.0,-0.10146821733471413,28.419999999999998,0.04000000000000057,-0.10000000000000142,-0.0004833287357202644,73.75,0.08062257748298621,0.09999999999999432,0.004107157870606,0,0.0,normal,0,unknown
run_2,sentinel_data_20260911_165323.csv,312536,335114,22.578,200.0,28.4,73.7,0,207.3,2.6095976701399777,200.0,210.0,10.0,-9.0,-0.25850662064056434,28.409999999999997,0.030000000000000426,0.0,0.001207865418134711,73.75,0.08062257748298621,0.0,0.001691196489281365,0,0.0,normal,0,unknown
run_2,sentinel_data_20260911_165323.csv,315045,337622,22.577,200.0,28.5,73.7,0,206.4,3.32264954516723,200.0,210.0,10.0,-8.0,-0.37205693584030175,28.419999999999998,0.04000000000000057,0.10000000000000142,0.0028990023717320314,73.75,0.08062257748298621,0.10000000000000853,-0.0007247024399467075,0,0.0,normal,0,unknown
run_2,sentinel_data_20260911_165323.csv,317553,340131,22.578,200.0,28.3,73.8,0,205.6,3.7735924528226414,200.0,210.0,10.0,-10.0,-0.4686882237117776,28.409999999999997,0.05385164807134508,-0.09999999999999787,-0.00024174257886182534,73.77000000000001,0.06403124237432774,0.0,-0.0036236732976926644,0,0.0,normal,0,unknown
run_2,sentinel_data_20260911_165323.csv,320062,342640,22.578,202.0,28.4,73.9,0,204.8,3.6,200.0,209.0,9.0,-7.0,-0.4300312166186526,28.409999999999997,0.05385164807134508,0.0,-0.0007249353213930737,73.77999999999999,0.07483314773547912,0.10000000000000853,3.0817166546780025e-07,0,0.0,normal,0,unknown
run_2,sentinel_data_20260911_165323.csv,322571,345148,22.577,206.0,28.4,73.7,0,204.5,3.3541019662496847,200.0,208.0,8.0,-2.0,-0.2923286884950603,28.409999999999997,0.05385164807134508,0.0,-0.0012081216459557214,73.77000000000001,0.07810249675906683,-0.20000000000000284,-0.0012076208621601531,0,0.0,normal,0,unknown
run_2,sentinel_data_20260911_165323.csv,325079,347657,22.578,205.0,28.4,73.8,0,204.2,3.1559467676119,200.0,208.0,8.0,-2.0,-0.18844140531421746,28.409999999999997,0.05385164807134508,0.0,-0.0016912519343657865,73.76,0.06633249580710723,0.09999999999999432,0.002899261515545869,0,0.0,normal,0,unknown
run_2,sentinel_data_20260911_165323.csv,327588,350166,22.578,205.0,28.4,73.8,0,204.0,3.03315017762062,200.0,208.0,8.0,-3.0,-0.09663551363935807,28.409999999999997,0.05385164807134508,0.0,-0.002174404987312695,73.77,0.06403124237432774,0.0,0.002174482027623283,0,0.0,normal,0,unknown
run_2,sentinel_data_20260911_165323.csv,330096,352674,22.578,203.0,28.4,73.9,0,203.5,2.7294688127912363,200.0,207.0,7.0,-4.0,-0.012082809718509863,28.410000000000004,0.053851648071345085,-0.10000000000000142,-0.002657563295431852,73.77999999999999,0.07483314773547912,0.20000000000000284,0.005798169338516813,0,0.0,normal,0,unknown
run_2,sentinel_data_20260911_165323.csv,332605,355183,22.578,200.0,28.4,73.9,0,202.8,2.6381811916545836,200.0,207.0,7.0,-7.0,0.004830497496172862,28.4,0.044721359549995635,0.0,-0.0004832423531857475,73.8,0.07745966692414943,0.10000000000000853,0.00628138017714074,0,0.0,normal,0,unknown
run_2,sentinel_data_20260911_165323.csv,335114,357692,22.578,200.0,28.3,73.9,0,202.1,2.3430749027719964,200.0,206.0,6.0,0.0,0.05556204982904082,28.389999999999997,0.05385164807134462,-0.09999999999999787,-0.0026575632954318087,73.80999999999999,0.08306623862918219,0.20000000000000284,0.008455617073482797,0,0.0,normal,0,unknown
run_2,sentinel_data_20260911_165323.csv,337622,360200,22.578,202.0,28.4,74.0,0,202.3,2.238302928559939,200.0,206.0,6.0,2.0,-0.002416947145255118,28.389999999999997,0.05385164807134462,-0.10000000000000142,-0.0021744049873127043,73.84,0.09165151389911778,0.29999999999999716,0.009663512843780595,0,0.0,normal,0,unknown
run_2,sentinel_data_20260911_165323.csv,340131,362709,22.578,202.0,28.5,73.9,0,202.5,2.1095023109728985,200.0,206.0,6.0,2.0,-0.07006340008703368,28.389999999999997,0.05385164807134462,0.1999999999999993,0.0031405937867860882,73.86,0.08000000000000149,0.10000000000000853,0.0072476722799437905,0,0.0,normal,0,unknown
run_2,sentinel_data_20260911_165323.csv,342640,365218,22.578,203.0,28.4,73.9,0,202.8,1.9390719429665315,200.0,206.0,6.0,1.0,-0.12562693813427178,28.4,0.044721359549995635,0.0,0.0009662780960829895,73.87,0.07810249675906775,0.0,0.006522829760385011,0,0.0,normal,0,unknown
run_2,sentinel_data_20260911_165323.csv,345148,367726,22.578,202.0,28.4,73.9,0,202.8,1.9390719429665315,200.0,206.0,6.0,-4.0,-0.16427960278380238,28.4,0.044721359549995635,0.0,0.0009662780960829722,73.87,0.07810249675906775,0.20000000000000284,0.007972304684742533,0,0.0,normal,0,unknown
run_2,sentinel_data_20260911_165323.csv,347657,370235,22.578,203.0,28.4,73.9,0,202.5,1.6278820596099706,200.0,205.0,5.0,-2.0,-0.07489197154752228,28.4,0.044721359549995635,0.0,0.0009662921028030073,73.89,0.05385164807134673,0.10000000000000853,0.004106885889589396,0,0.0,normal,0,unknown
run_2,sentinel_data_20260911_165323.csv,350166,372744,22.578,202.0,28.5,73.7,0,202.2,1.4000000000000001,200.0,205.0,5.0,-3.0,-0.019326332324765307,28.410000000000004,0.053851648071345085,0.10000000000000142,0.003140606043085012,73.88000000000001,0.07483314773547951,-0.09999999999999432,-0.0024160997018380483,0,0.0,normal,0,unknown
run_2,sentinel_data_20260911_165323.csv,352674,375252,22.578,201.0,28.4,74.0,0,201.8,1.077032961426901,200.0,203.0,3.0,-2.0,0.02898949848714796,28.409999999999997,0.05385164807134508,0.0,0.002657447734965855,73.9,0.0774596669241476,0.09999999999999432,-0.0019329413937191836,0,0.0,normal,0,unknown
run_2,sentinel_data_20260911_165323.csv,355183,377761,22.578,201.0,28.5,73.8,0,201.6,1.0198039027185568,200.0,203.0,3.0,1.0,0.04348603367966151,28.419999999999998,0.060000000000000143,0.10000000000000142,0.004348603367966152,73.89000000000001,0.08306623862918082,-0.10000000000000853,-0.004107271096726183,0,0.0,normal,0,unknown
run_2,sentinel_data_20260911_165323.csv,357692,380270,22.578,201.0,28.4,73.8,0,201.7,0.9,200.0,203.0,3.0,1.0,-0.012079728106084622,28.419999999999998,0.060000000000000143,0.09999999999999787,0.0033821851971445297,73.88,0.08717797887081406,-0.10000000000000853,-0.005798361939293698,0,0.0,normal,0,unknown
run_2,sentinel_data_20260911_165323.csv,360200,382778,22.578,200.0,28.4,73.8,0,201.7,0.9,200.0,203.0,3.0,-2.0,-0.09421664048633717,28.43,0.045825756949559045,0.0,-0.00024150211374893916,73.87,0.09000000000000088,-0.20000000000000284,-0.007006257709591565,0,0.0,normal,0,unknown
run_2,sentinel_data_20260911_165323.csv,362709,385287,22.578,200.0,28.4,73.6,0,201.5,1.02469507659596,200.0,203.0,3.0,-2.0,-0.12320850272335666,28.43,0.045825756949559045,-0.10000000000000142,-0.0016910593307973847,73.83,0.11000000000000254,-0.30000000000001137,-0.009422166567495652,0,0.0,normal,0,unknown
run_2,sentinel_data_20260911_165323.csv,365218,387796,22.578,199.0,28.4,73.8,0,201.2,1.2489995996796797,199.0,203.0,4.0,-4.0,-0.16427767677603666,28.419999999999998,0.04000000000000057,0.0,-0.0004831197879638244,73.82,0.1077032961426924,-0.10000000000000853,-0.008214114959734252,0,0.0,normal,0,unknown
run_2,sentinel_data_20260911_165323.csv,367726,390304,22.578,199.0,28.4,73.7,0,200.8,1.2489995996796797,199.0,203.0,4.0,-3.0,-0.16427767677603666,28.419999999999998,0.04000000000000057,0.0,-0.0014494364042021033,73.8,0.1095445115010348,-0.20000000000000284,-0.008697273267853186,0,0.0,normal,0,unknown
run_2,sentinel_data_20260911_165323.csv,370235,392813,22.578,201.0,28.4,73.9,0,200.7,1.1874342087037917,199.0,203.0,4.0,-2.0,-0.12804092625521382,28.419999999999998,0.04000000000000057,0.0,-0.002415826558791753,73.80000000000001,0.10954451150103478,0.0,-0.0038655536183489184,0,0.0,normal,0,unknown
run_2,sentinel_data_20260911_165323.csv,372744,395322,22.578,202.0,28.4,73.7,0,200.6,1.0198039027185568,199.0,202.0,3.0,0.0,-0.038651509044871156,28.419999999999998,0.04000000000000057,-0.10000000000000142,-0.0033821466769892923,73.78,0.10770329614269082,0.0,-0.003382377797920977,0,0.0,normal,0,unknown
run_2,sentinel_data_20260911_165323.csv,375252,397830,22.578,191.0,28.4,73.9,0,199.5,2.9748949561287032,191.0,202.0,11.0,-10.0,-0.2101727084271633,28.409999999999997,0.030000000000000426,0.0,-0.0016910925985723036,73.8,0.10954451150103478,-0.09999999999999432,-0.002899219489801632,0,0.0,normal,0,unknown
run_2,sentinel_data_20260911_165323.csv,377761,400339,22.578,187.0,28.4,73.9,0,198.1,4.72122865364515,187.0,202.0,15.0,-14.0,-0.4421003049338216,28.409999999999997,0.030000000000000426,-0.10000000000000142,-0.0021743016839831063,73.78999999999999,0.09433981132056851,0.10000000000000853,0.004590128242775289,0,0.0,normal,0,unknown
run_2,sentinel_data_20260911_165323.csv,380270,402848,22.578,187.0,28.4,73.8,0,196.7,5.640035460881429,187.0,202.0,15.0,-14.0,-0.6063783143485314,28.4,0.0,0.0,0.0,73.78999999999999,0.09433981132056851,0.0,0.005073239275561852,0,0.0,normal,0,unknown
run_2,sentinel_data_20260911_165323.csv,382778,405356,22.578,188.0,28.4,73.8,0,195.4,5.986651818838307,187.0,202.0,15.0,-12.0,-0.6812678521069969,28.4,0.0,0.0,0.0,73.78999999999999,0.09433981132056851,0.0,0.005556397583680821,0,0.0,normal,0,unknown
run_2,sentinel_data_20260911_165323.csv,385287,407865,22.578,187.0,28.5,73.8,0,194.1,6.252199612936234,187.0,202.0,15.0,-13.0,-0.7416720431952794,28.410000000000004,0.030000000000000426,0.10000000000000142,0.0021743016839831063,73.78999999999999,0.09433981132056851,0.20000000000000284,0.006039662698763511,0,0.0,normal,0,unknown
run_2,sentinel_data_20260911_165323.csv,387796,410374,22.578,188.0,28.4,73.8,0,192.9,6.155485358604957,187.0,202.0,15.0,-11.0,-0.7175058808205912,28.409999999999997,0.030000000000000426,0.0,0.0016910925985723039,73.80999999999999,0.07000000000000149,0.0,0.0012078572501422761,0,0.0,normal,0,unknown
run_2,sentinel_data_20260911_165323.csv,390304,412882,22.578,190.0,28.4,74.0,0,192.0,5.848076606885378,187.0,202.0,15.0,-9.0,-0.6184584276561691,28.409999999999997,0.030000000000000426,0.0,0.0012079342904531638,73.83,0.09000000000000088,0.29999999999999716,0.005073123715095221,0,0.0,normal,0,unknown
run_2,sentinel_data_20260911_165323.csv,392813,415391,22.578,188.0,28.5,73.8,0,190.9,5.448853090330111,187.0,202.0,15.0,-13.0,-0.5194113773007989,28.419999999999998,0.04000000000000057,0.10000000000000142,0.0028990689119774747,73.84,0.08000000000000149,-0.10000000000000853,0.0009660994992341756,0,0.0,normal,0,unknown
run_2,sentinel_data_20260911_165323.csv,395322,417900,22.578,188.0,28.5,73.8,0,189.6,4.31740662898458,187.0,202.0,15.0,-14.0,-0.3140571374945209,28.429999999999996,0.045825756949559045,0.10000000000000142,0.004106999699633947,73.83,0.07810249675906775,0.09999999999999432,0.0016908229574847356,0,0.0,normal,0,unknown
run_2,sentinel_data_20260911_165323.csv,397830,420408,22.578,189.0,28.4,73.9,0,188.3,1.2688577540449522,187.0,191.0,4.0,-2.0,0.002411554323510982,28.429999999999996,0.045825756949559045,0.0,0.0026575247752765293,73.85,0.06708203932499623,0.0,-0.00024181027499158153,0,0.0,normal,0,unknown
run_2,sentinel_data_20260911_165323.csv,400339,422917,22.578,189.0,28.5,73.7,0,188.1,0.9433981132056604,187.0,190.0,3.0,2.0,0.08938539007172518,28.439999999999998,0.04898979485566426,0.10000000000000142,0.003382311265163197,73.83,0.07810249675906775,-0.20000000000000284,-0.002174494287551414,0,0.0,normal,0,unknown
run_2,sentinel_data_20260911_165323.csv,402848,425426,22.578,188.0,28.4,73.8,0,188.2,0.8717797887081347,187.0,190.0,3.0,1.0,0.05797784136963647,28.439999999999998,0.04898979485566426,0.0,0.0014495519646680489,73.82000000000001,0.07483314773547951,0.0,-0.0009665477371699643,0,0.0,normal,0,unknown
run_2,sentinel_data_20260911_165323.csv,405356,427934,22.578,188.0,28.5,73.7,0,188.3,0.7810249675906655,187.0,190.0,3.0,0.0,0.021740968260701515,28.45,0.05000000000000071,0.10000000000000142,0.001691131118727619,73.81,0.0830662386291808,-0.09999999999999432,-0.004107076739944286,0,0.0,normal,0,unknown
run_2,sentinel_data_20260911_165323.csv,407865,430443,22.578,188.0,28.5,73.7,0,188.3,0.7810249675906655,187.0,190.0,3.0,1.0,0.0072457462442593054,28.46,0.04898979485566426,0.0,0.0014495344559887374,73.8,0.08944271909999127,-0.09999999999999432,-0.006764622530326051,0,0.0,normal,0,unknown
run_2,sentinel_data_20260911_165323.csv,410374,432952,22.578,187.0,28.4,73.6,0,188.3,0.7810249675906655,187.0,190.0,3.0,-1.0,-0.05556744265078493,28.45,0.05000000000000071,0.0,0.0012078957702978486,73.78,0.10770329614269082,-0.20000000000000284,-0.011113180368914417,0,0.0,normal,0,unknown
run_2,sentinel_data_20260911_165323.csv,412882,435461,22.579,187.0,28.4,73.6,0,188.2,0.8717797887081348,187.0,190.0,3.0,-3.0,-0.09180263484139169,28.449999999999996,0.05000000000000072,0.0,-0.001207939542249987,73.76,0.12000000000000147,-0.4000000000000057,-0.014494966359157367,0,0.0,normal,0,unknown
run_2,sentinel_data_20260911_165323.csv,415391,437969,22.578,187.0,28.5,73.7,0,187.9,0.7000000000000001,187.0,189.0,2.0,-1.0,-0.07006083782134914,28.459999999999997,0.04898979485566426,0.0,-0.0014496009883914623,73.73,0.09000000000000168,-0.09999999999999432,-0.009421905672203414,0,0.0,normal,0,unknown
run_2,sentinel_data_20260911_165323.csv,417900,440478,22.578,187.0,28.4,73.5,0,187.8,0.7483314773547882,187.0,189.0,2.0,-1.0,-0.08697140195011002,28.45,0.05000000000000071,-0.10000000000000142,-0.0016911865619453888,73.7,0.10954451150103478,-0.29999999999999716,-0.012562467358616476,0,0.0,normal,0,unknown
run_2,sentinel_data_20260911_165323.csv,420408,442987,22.579,185.0,28.5,73.7,0,187.5,1.118033988749895,185.0,189.0,4.0,-4.0,-0.14253268150108744,28.45,0.05000000000000071,0.10000000000000142,0.0007246184075448756,73.69000000000001,0.10440306508910746,-0.20000000000000284,-0.009904787346399763,0,0.0,normal,0,unknown
run_2,sentinel_data_20260911_165323.csv,422917,445496,22.579,184.0,28.4,73.8,0,187.0,1.4142135623730951,184.0,189.0,5.0,-5.0,-0.17876957794503254,28.45,0.05000000000000071,-0.10000000000000142,-0.001691209317236009,73.67999999999999,0.08717797887081405,0.09999999999999432,-0.0019325025078714697,0,0.0,normal,0,unknown
run_2,sentinel_data_20260911_165323.csv,425426,448004,22.578,184.0,28.5,73.6,0,186.5,1.5,184.0,188.0,4.0,-4.0,-0.19084952191959803,28.45,0.05000000000000071,0.10000000000000142,0.0007245256130030856,73.66999999999999,0.09000000000000088,-0.20000000000000284,-0.003140381351841709,0,0.0,normal,0,unknown
run_2,sentinel_data_20260911_165323.csv,427934,450513,22.579,184.0,28.4,73.7,0,186.1,1.57797338380595,184.0,188.0,4.0,-4.0,-0.20534225777926005,28.45,0.05000000000000071,-0.10000000000000142,-0.0016912093172360085,73.66,0.08000000000000149,0.0,0.0009663668065850075,0,0.0,normal,0,unknown
run_2,sentinel_data_20260911_165323.csv,430443,453022,22.579,184.0,28.4,73.6,0,185.7,1.5524174696260025,184.0,188.0,4.0,-4.0,-0.2005117835851756,28.439999999999998,0.04898979485566426,-0.10000000000000142,-0.0014496219943097085,73.65,0.08062257748298708,-0.10000000000000853,0.0007248109971547683,0,0.0,normal,0,unknown
run_2,sentinel_data_20260911_165323.csv,432952,455530,22.578,185.0,28.4,73.8,0,185.4,1.3564659966250536,184.0,187.0,3.0,-2.0,-0.15461578288994587,28.43,0.045825756949559045,0.0,-0.0007248547710440343,73.66,0.09165151389911778,0.20000000000000284,0.005314844109569747,0,0.0,normal,0,unknown
run_2,sentinel_data_20260911_165323.csv,435461,458039,22.578,185.0,28.4,73.8,0,185.2,1.2489995996796797,184.0,187.0,3.0,-2.0,-0.12079456125039882,28.43,0.045825756949559045,0.0,-0.0021743629631763477,73.67999999999999,0.09797958971132766,0.20000000000000284,0.0067643552193667415,0,0.0,normal,0,unknown
run_2,sentinel_data_20260911_165323.csv,437969,460548,22.579,186.0,28.4,73.7,0,185.1,1.1357816691600546,184.0,187.0,3.0,-1.0,-0.05556598931310462,28.43,0.045825756949559045,-0.10000000000000142,-0.00362378010826966,73.69,0.09433981132056624,0.0,0.005073192003528551,0,0.0,normal,0,unknown
run_2,sentinel_data_20260911_165323.csv,440478,463056,22.578,186.0,28.4,73.8,0,185.0,1.0,184.0,187.0,3.0,-1.0,0.014493208437361368,28.419999999999998,0.04000000000000057,0.0,-0.0024159071010616436,73.7,0.1,0.29999999999999716,0.007730802570993268,0,0.0,normal,0,unknown
run_2,sentinel_data_20260911_165323.csv,442987,465565,22.578,187.0,28.4,73.6,0,185.0,1.0,184.0,187.0,3.0,2.0,0.11113033294724022,28.419999999999998,0.04000000000000057,-0.10000000000000142,-0.003382311265163197,73.71000000000001,0.08306623862918167,-0.10000000000000853,0.00024152487480852625,0,0.0,normal,0,unknown
run_2,sentinel_data_20260911_165323.csv,445496,468074,22.578,185.0,28.4,74.0,0,185.0,1.0,184.0,187.0,3.0,1.0,0.11112872207671944,28.409999999999997,0.030000000000000426,0.0,-0.001691169638882934,73.74,0.12000000000000123,0.20000000000000284,0.006281327646635987,0,0.0,normal,0,unknown
run_2,sentinel_data_20260911_165323.csv,448004,470582,22.578,186.0,28.4,73.9,0,185.2,0.9797958971132713,184.0,187.0,3.0,2.0,0.10629713899552809,28.409999999999997,0.030000000000000426,-0.10000000000000142,-0.0021743279470020738,73.74999999999999,0.1284523257866534,0.30000000000001137,0.011354489881887038,0,0.0,normal,0,unknown
run_2,sentinel_data_20260911_165323.csv,450513,473091,22.578,186.0,28.4,73.7,0,185.4,0.9165151389911679,184.0,187.0,3.0,2.0,0.09180256485549591,28.4,0.0,0.0,0.0,73.76,0.12000000000000147,0.0,0.0062811875735723464,0,0.0,normal,0,unknown
run_2,sentinel_data_20260911_165323.csv,453022,475600,22.578,186.0,28.4,73.9,0,185.6,0.8,184.0,187.0,3.0,2.0,0.06764293353978487,28.4,0.0,0.0,0.0,73.78,0.12489995996797018,0.30000000000001137,0.007730687010527802,0,0.0,normal,0,unknown
run_2,sentinel_data_20260911_165323.csv,455530,478108,22.578,186.0,28.4,73.8,0,185.8,0.6,185.0,187.0,2.0,1.0,0.0338218519714456,28.4,0.0,0.0,0.0,73.8,0.10954451150103478,0.0,0.0033822622374554095,0,0.0,normal,0,unknown
run_2,sentinel_data_20260911_165323.csv,458039,480617,22.578,187.0,28.4,73.8,0,186.0,0.6324555320336759,185.0,187.0,2.0,2.0,0.03865361014780436,28.4,0.0,0.0,0.0,73.79999999999998,0.10954451150103478,0.0,0.003382311265163231,0,0.0,normal,0,unknown
run_2,sentinel_data_20260911_165323.csv,460548,483126,22.578,186.0,28.4,73.9,0,186.1,0.5385164807134505,185.0,187.0,2.0,0.0,0.012078572501425163,28.4,0.0,0.0,0.0,73.81,0.11357816691600739,0.20000000000000284,0.005556590184457364,0,0.0,normal,0,unknown
run_2,sentinel_data_20260911_165323.csv,463056,485634,22.578,186.0,28.4,73.9,0,186.1,0.5385164807134505,185.0,187.0,2.0,0.0,0.007246989420233839,28.4,0.0,0.0,0.0,73.83,0.11000000000000253,0.10000000000000853,0.004590273568219255,0,0.0,normal,0,unknown
run_2,sentinel_data_20260911_165323.csv,465565,488143,22.578,186.0,28.4,74.0,0,186.1,0.5385164807134505,185.0,187.0,2.0,-1.0,0.0024152487480864353,28.4,0.0,0.0,0.0,73.85,0.12041594578792497,0.4000000000000057,0.007489389758320815,0,0.0,normal,0,unknown
run_2,sentinel_data_20260911_165323.csv,468074,490652,22.578,185.0,28.4,73.9,0,185.9,0.5385164807134505,185.0,187.0,2.0,0.0,0.0024146359359362066,28.4,0.0,0.0,0.0,73.88,0.08717797887081406,-0.09999999999999432,0.0019328258332531678,0,0.0,normal,0,unknown
run_2,sentinel_data_20260911_165323.csv,470582,493160,22.578,200.0,28.4,73.9,0,187.4,4.223742416388575,185.0,200.0,15.0,14.0,0.28506224618562875,28.4,0.0,0.0,0.0,73.87,0.07810249675906775,0.0,0.005556513144146664,0,0.0,normal,0,unknown
run_2,sentinel_data_20260911_165323.csv,473091,495669,22.578,199.0,28.3,73.8,0,188.7,5.4230987451825,185.0,200.0,15.0,13.0,0.5000797571376859,28.389999999999997,0.02999999999999936,-0.09999999999999787,-0.0021743016839830295,73.86,0.08000000000000149,0.09999999999999432,0.004831845721151866,0,0.0,normal,0,unknown
run_2,sentinel_data_20260911_165323.csv,475600,498178,22.578,203.0,28.4,74.0,0,190.4,6.8,185.0,203.0,18.0,17.0,0.7392503158952712,28.389999999999997,0.02999999999999936,0.0,-0.0016910925985722436,73.89,0.07000000000000149,0.09999999999999432,0.003623918431825352,0,0.0,normal,0,unknown
run_2,sentinel_data_20260911_165323.csv,478108,500686,22.578,191.0,28.5,73.9,0,190.9,6.640030120413611,185.0,203.0,18.0,5.0,0.6353712796496577,28.4,0.044721359549995635,0.10000000000000142,0.0009662780960830065,73.89,0.07000000000000149,0.10000000000000853,0.004107076739944665,0,0.0,normal,0,unknown
run_2,sentinel_data_20260911_165323.csv,480617,503195,22.578,190.0,28.3,73.8,0,191.3,6.450581369148055,185.0,203.0,18.0,3.0,0.4855921167205359,28.389999999999997,0.05385164807134462,-0.09999999999999787,-0.001208009581179988,73.89,0.07000000000000149,0.0,-0.00024152487480873282,0,0.0,normal,0,unknown
run_2,sentinel_data_20260911_165323.csv,483126,505704,22.578,191.0,28.4,74.0,0,191.7,6.293647591023825,185.0,203.0,18.0,5.0,0.36479184145945504,28.389999999999997,0.05385164807134462,0.0,-0.0007248145024892712,73.91,0.07000000000000048,0.09999999999999432,-0.00024146359359388103,0,0.0,normal,0,unknown
run_2,sentinel_data_20260911_165323.csv,485634,508212,22.578,191.0,28.4,73.9,0,192.2,6.013318551349164,185.0,203.0,18.0,5.0,0.19810222515835432,28.389999999999997,0.05385164807134461,0.0,-0.0002416561943701661,73.91,0.07000000000000048,0.0,-0.0007246219017128491,0,0.0,normal,0,unknown
run_2,sentinel_data_20260911_165323.csv,488143,510721,22.578,189.0,28.4,74.1,0,192.5,5.766281297335398,185.0,203.0,18.0,3.0,-0.03624028743540216,28.389999999999997,0.05385164807134461,0.0,0.00024152487480864687,73.93,0.089999999999999,0.09999999999999432,0.003140786390354327,0,0.0,normal,0,unknown
run_2,sentinel_data_20260911_165323.csv,490652,513230,22.578,190.0,28.4,74.0,0,192.9,5.430469592954186,185.0,203.0,18.0,5.0,-0.26333206356841554,28.389999999999997,0.05385164807134461,0.0,0.0007246989420233599,73.93,0.089999999999999,0.09999999999999432,0.006522983841005894,0,0.0,normal,0,unknown
run_2,sentinel_data_20260911_165323.csv,493160,515738,22.578,190.0,28.4,74.0,0,193.4,4.882622246293481,189.0,203.0,14.0,-10.0,-0.5363165076557256,28.389999999999997,0.05385164807134461,0.0,0.0012078572501424646,73.94000000000001,0.09165151389911592,0.09999999999999432,0.00724772130318469,0,0.0,normal,0,unknown
run_2,sentinel_data_20260911_165323.csv,495669,518247,22.578,190.0,28.4,74.0,0,192.4,4.431703961232068,189.0,203.0,14.0,-9.0,-0.434852632653878,28.389999999999997,0.05385164807134461,0.09999999999999787,0.0016910593307972817,73.95,0.09219544457292826,0.20000000000000284,0.007489389758320642,0,0.0,normal,0,unknown
run_2,sentinel_data_20260911_165323.csv,498178,520756,22.578,189.0,28.4,73.9,0,191.4,3.9293765408777,189.0,203.0,14.0,-14.0,-0.3333819290130736,28.4,0.044721359549995635,0.0,-0.0004832353484298128,73.96000000000001,0.0799999999999983,-0.09999999999999432,0.0024159456212169577,0,0.0,normal,0,unknown
run_2,sentinel_data_20260911_165323.csv,500686,523264,22.578,188.0,28.4,73.7,0,189.9,0.9433981132056604,188.0,191.0,3.0,-3.0,-0.09905014957529427,28.4,0.044721359549995635,-0.10000000000000142,-0.00048323534842983033,73.93,0.1099999999999984,-0.20000000000000284,-0.0021740583059147813,0,0.0,normal,0,unknown
run_2,sentinel_data_20260911_165323.csv,503195,525773,22.578,189.0,28.3,73.8,0,189.7,0.9,188.0,191.0,3.0,-1.0,-0.08938731610740945,28.380000000000003,0.03999999999999915,0.0,0.0,73.92,0.11661903789690498,0.0,-0.00579794522038635,0,0.0,normal,0,unknown
run_2,sentinel_data_20260911_165323.csv,505704,528282,22.578,187.0,28.5,73.7,0,189.4,1.2,187.0,191.0,4.0,-4.0,-0.1401205317731863,28.4,0.044721359549995635,0.10000000000000142,0.00048323534842983033,73.91,0.1299999999999984,-0.29999999999999716,-0.01377031994263774,0,0.0,normal,0,unknown
run_2,sentinel_data_20260911_165323.csv,508212,530790,22.578,187.0,28.4,73.7,0,189.0,1.2649110640673518,187.0,191.0,4.0,-4.0,-0.14978369793556898,28.4,0.044721359549995635,0.0,0.00048323534842981304,73.88000000000001,0.13999999999999835,-0.20000000000000284,-0.015944532329173818,0,0.0,normal,0,unknown
run_2,sentinel_data_20260911_165323.csv,510721,533299,22.578,186.0,28.5,73.8,0,188.5,1.3601470508735443,186.0,190.0,4.0,-3.0,-0.1618640389068453,28.410000000000004,0.053851648071345085,0.10000000000000142,0.0026575440371688548,73.87,0.1417744687875767,-0.29999999999999716,-0.017152695993487416,0,0.0,normal,0,unknown
run_2,sentinel_data_20260911_165323.csv,513230,535807,22.577,186.0,28.4,73.7,0,188.2,1.5362291495737217,186.0,190.0,4.0,-4.0,-0.20293724010828174,28.409999999999997,0.05385164807134508,0.0,0.002174441762300405,73.83,0.1268857754044945,-0.29999999999999716,-0.014737065536745555,0,0.0,normal,0,unknown
run_2,sentinel_data_20260911_165323.csv,515738,538316,22.578,186.0,28.5,73.6,0,187.8,1.5362291495737217,186.0,190.0,4.0,-4.0,-0.20293604945484653,28.419999999999998,0.060000000000000143,0.10000000000000142,0.0038655512849332086,73.79,0.13000000000000048,-0.4000000000000057,-0.015220174818020021,0,0.0,normal,0,unknown
run_2,sentinel_data_20260911_165323.csv,518247,540825,22.578,185.0,28.5,73.6,0,187.3,1.5524174696260025,185.0,190.0,5.0,-5.0,-0.20535252974062157,28.43,0.06403124237432868,0.10000000000000142,0.005073550946199501,73.75,0.12041594578792437,-0.4000000000000057,-0.013770621103514688,0,0.0,normal,0,unknown
run_2,sentinel_data_20260911_165323.csv,520756,543333,22.577,181.0,28.5,73.7,0,186.4,2.2,181.0,189.0,8.0,-8.0,-0.2705831852921944,28.439999999999998,0.06633249580710818,0.10000000000000142,0.005798389967352362,73.72000000000001,0.08717797887081537,-0.20000000000000284,-0.00821412897115715,0,0.0,normal,0,unknown
run_2,sentinel_data_20260911_165323.csv,523264,545842,22.578,180.0,28.4,73.6,0,185.5,2.7294688127912363,180.0,189.0,9.0,-8.0,-0.3406420854200325,28.439999999999998,0.06633249580710819,0.0,0.003865569963131829,73.69,0.07000000000000149,-0.10000000000000853,-0.0060397893504054185,0,0.0,normal,0,unknown
run_2,sentinel_data_20260911_165323.csv,525773,548351,22.578,179.0,28.4,73.6,0,184.6,3.1999999999999997,179.0,189.0,10.0,-10.0,-0.4155363623366077,28.439999999999998,0.06633249580710819,0.09999999999999787,0.0019327756424665312,73.68,0.07483314773548065,-0.20000000000000284,-0.007730948484033871,0,0.0,normal,0,unknown
run_2,sentinel_data_20260911_165323.csv,528282,550860,22.578,181.0,28.5,73.7,0,183.8,2.993325909419153,179.0,187.0,8.0,-6.0,-0.3768734952829609,28.459999999999997,0.04898979485566426,0.0,-0.00048304274728105625,73.67,0.06403124237433107,0.0,-0.004106922656159451,0,0.0,normal,0,unknown
run_2,sentinel_data_20260911_165323.csv,530790,553369,22.579,182.0,28.4,73.6,0,183.3,2.8301943396169813,179.0,187.0,8.0,-5.0,-0.330957097428962,28.45,0.05000000000000071,0.0,-0.0007247112003526409,73.66,0.06633249580711065,-0.10000000000000853,-0.004831510716313357,0,0.0,normal,0,unknown
run_2,sentinel_data_20260911_165323.csv,533299,555877,22.578,219.0,28.4,73.7,0,186.5,11.128791488746655,179.0,219.0,40.0,33.0,0.5435389151878207,28.449999999999996,0.05000000000000072,-0.10000000000000142,-0.0031404624726984617,73.66,0.06633249580711065,-0.09999999999999432,-0.0028989358430101288,0,0.0,normal,0,unknown
run_2,sentinel_data_20260911_165323.csv,535807,558386,22.579,206.0,28.4,73.7,0,188.5,12.56383699353028,179.0,219.0,40.0,20.0,0.9542026145940852,28.439999999999998,0.04898979485566426,0.0,-0.002898865813723954,73.65,0.05000000000000427,0.0,0.0016908959265298639,0,0.0,normal,0,unknown
run_2,sentinel_data_20260911_165323.csv,538316,560894,22.578,205.0,28.4,73.7,0,190.4,13.447676379211392,179.0,219.0,40.0,19.0,1.2465387701766095,28.439999999999998,0.04898979485566426,-0.10000000000000142,-0.004831627435681403,73.65,0.05000000000000427,0.10000000000000853,0.004106763912463715,0,0.0,normal,0,unknown
run_2,sentinel_data_20260911_165323.csv,540825,563403,22.578,198.0,28.4,73.8,0,191.6,13.536617007214174,179.0,219.0,40.0,13.0,1.29486996150485,28.43,0.045825756949559045,-0.10000000000000142,-0.004106919737973033,73.67,0.06403124237433107,0.20000000000000284,0.00603942924138815,0,0.0,normal,0,unknown
run_2,sentinel_data_20260911_165323.csv,543333,565912,22.579,195.0,28.4,73.7,0,192.6,13.380582946942184,179.0,219.0,40.0,14.0,1.1933907143094487,28.419999999999998,0.04000000000000057,-0.10000000000000142,-0.002898991868875391,73.68,0.06000000000000227,0.0,0.004831473361015995,0,0.0,normal,0,unknown
run_2,sentinel_data_20260911_165323.csv,545842,568420,22.578,197.0,28.4,73.8,0,194.2,12.843675486401859,179.0,219.0,40.0,17.0,0.9808359827064832,28.409999999999997,0.030000000000000426,0.0,-0.001207894018108455,73.69,0.07000000000000149,0.20000000000000284,0.007972323939655095,0,0.0,normal,0,unknown
run_2,sentinel_data_20260911_165323.csv,548351,570929,22.578,199.0,28.4,73.7,0,196.1,11.978731151503485,179.0,219.0,40.0,20.0,0.7078446519829835,28.409999999999997,0.030000000000000426,0.0,-0.0016911194459926606,73.7,0.06324555320336848,0.10000000000000853,0.0057980852931877385,0,0.0,normal,0,unknown
run_2,sentinel_data_20260911_165323.csv,550860,573437,22.577,201.0,28.4,73.7,0,198.3,10.574024777727733,181.0,219.0,38.0,20.0,0.35995418729587764,28.409999999999997,0.030000000000000426,-0.10000000000000142,-0.0021743804794102594,73.71000000000001,0.05385164807134488,0.0,0.0031406562341924483,0,0.0,normal,0,unknown
run_2,sentinel_data_20260911_165323.csv,553369,575946,22.577,201.0,28.4,73.8,0,200.3,8.866228059327145,182.0,219.0,37.0,19.0,-0.04109821223978678,28.4,0.0,0.0,0.0,73.72,0.05999999999999943,0.20000000000000284,0.004831841051511487,0,0.0,normal,0,unknown
run_2,sentinel_data_20260911_165323.csv,555877,578455,22.578,203.0,28.4,73.8,0,202.4,6.437390775772434,195.0,219.0,24.0,-16.0,-0.4686920758762085,28.4,0.0,0.0,0.0,73.73999999999998,0.048989794855660775,0.09999999999999432,0.0033822774136293902,0,0.0,normal,0,unknown
run_2,sentinel_data_20260911_165323.csv,558386,580963,22.577,201.0,28.4,73.7,0,200.6,3.2924155266308657,195.0,206.0,11.0,-5.0,-0.05798582579296495,28.4,0.0,0.0,0.0,73.74,0.04898979485566078,0.0,0.0014495974918379982,0,0.0,normal,0,unknown
run_2,sentinel_data_20260911_165323.csv,560894,583472,22.578,201.0,28.4,73.7,0,200.1,2.7730849247724096,195.0,205.0,10.0,-4.0,0.09421411896081504,28.4,0.0,0.0,0.0,73.74000000000001,0.04898979485566078,0.0,-0.0004831384629249878,0,0.0,normal,0,unknown
run_2,sentinel_data_20260911_165323.csv,563403,585981,22.578,202.0,28.3,73.7,0,199.8,2.3579652245103193,195.0,203.0,8.0,4.0,0.265747213081902,28.389999999999997,0.02999999999999936,-0.09999999999999787,-0.002174382228139401,73.74000000000001,0.04898979485566078,-0.09999999999999432,-0.0024159117708958265,0,0.0,normal,0,unknown
run_2,sentinel_data_20260911_165323.csv,565912,588490,22.578,200.0,28.3,73.7,0,200.0,2.280350850198276,195.0,203.0,8.0,5.0,0.22225359196668248,28.380000000000003,0.03999999999999915,-0.09999999999999787,-0.0038654975829068793,73.73,0.04582575694955579,0.0,-0.001691131117424646,0,0.0,normal,0,unknown
run_2,sentinel_data_20260911_165323.csv,568420,590998,22.578,199.0,28.4,73.7,0,200.4,1.624807680927192,197.0,203.0,6.0,2.0,0.06764316699956006,28.380000000000003,0.03999999999999915,0.0,-0.0028991249379611292,73.73,0.04582575694955579,-0.09999999999999432,-0.0031405453454423017,0,0.0,normal,0,unknown
run_2,sentinel_data_20260911_165323.csv,570929,593507,22.578,199.0,28.4,73.7,0,200.6,1.2806248474865698,199.0,203.0,4.0,0.0,-0.053148441095697406,28.380000000000003,0.03999999999999915,0.0,-0.001932779139476842,73.72,0.039999999999997725,0.0,-0.0019326250625778375,0,0.0,normal,0,unknown
run_2,sentinel_data_20260911_165323.csv,573437,596015,22.578,199.0,28.4,73.7,0,200.6,1.2806248474865698,199.0,203.0,4.0,-2.0,-0.1304531633899665,28.380000000000003,0.03999999999999915,0.0,-0.0009664952069784125,73.72,0.039999999999997725,0.0,-0.002898946346577886,0,0.0,normal,0,unknown
run_2,sentinel_data_20260911_165323.csv,575946,598524,22.578,198.0,28.4,73.5,0,200.3,1.4866068747318506,198.0,203.0,5.0,-3.0,-0.17635718304311918,28.380000000000003,0.03999999999999915,0.0,-1.540821101820652e-07,73.7,0.0774596669241476,-0.29999999999999716,-0.008213924691165494,0,0.0,normal,0,unknown
run_2,sentinel_data_20260911_165323.csv,578455,601033,22.578,202.0,28.4,73.6,0,200.4,1.5620499351813308,198.0,203.0,5.0,-1.0,-0.12079054581762952,28.380000000000003,0.03999999999999915,0.0,0.0009662057238894356,73.68,0.07483314773547951,-0.20000000000000284,-0.007730724360675577,0,0.0,normal,0,unknown
run_2,sentinel_data_20260911_165323.csv,580963,603542,22.579,202.0,28.4,73.6,0,200.3,1.4177446878757827,198.0,202.0,4.0,1.0,-0.016906969021141194,28.380000000000003,0.03999999999999915,0.0,0.0019325001669775839,73.66000000000001,0.06633249580711022,-0.10000000000000853,-0.006281107030660247,0,0.0,normal,0,unknown
run_2,sentinel_data_20260911_165323.csv,583472,606051,22.579,203.0,28.4,73.5,0,200.5,1.6278820596099706,198.0,203.0,5.0,2.0,0.06040208371263267,28.380000000000003,0.03999999999999915,0.0,0.0028988377942097804,73.64,0.08000000000000185,-0.20000000000000284,-0.008696975606626382,0,0.0,normal,0,unknown
run_2,sentinel_data_20260911_165323.csv,585981,608560,22.579,201.0,28.4,73.6,0,200.5,1.6278820596099706,198.0,203.0,5.0,-1.0,0.08455853985403042,28.380000000000003,0.03999999999999915,0.09999999999999787,0.0038650820448873652,73.63000000000001,0.07810249675906847,-0.10000000000000853,-0.007972035043284862,0,0.0,normal,0,unknown
run_2,sentinel_data_20260911_165323.csv,588490,611069,22.579,201.0,28.4,73.5,0,200.4,1.5620499351813308,198.0,203.0,5.0,1.0,0.13528327560867334,28.389999999999997,0.02999999999999936,0.09999999999999787,0.0021739987957287567,73.61,0.08306623862918218,-0.20000000000000284,-0.008938124060474,0,0.0,normal,0,unknown
run_2,sentinel_data_20260911_165323.csv,590998,613578,22.58,202.0,28.5,73.5,0,200.6,1.624807680927192,198.0,203.0,5.0,3.0,0.15943222776402197,28.410000000000004,0.030000000000000426,0.10000000000000142,0.0021741213486084253,73.59,0.08306623862918167,-0.20000000000000284,-0.00893778912081318,0,0.0,normal,0,unknown
run_2,sentinel_data_20260911_165323.csv,593507,616087,22.58,201.0,28.4,73.7,0,200.8,1.5362291495737217,198.0,203.0,5.0,2.0,0.1256104111566609,28.409999999999997,0.030000000000000426,0.0,0.0016909367835687254,73.59,0.08306623862918167,0.0,-0.003623265412615576,0,0.0,normal,0,unknown
run_2,sentinel_data_20260911_165323.csv,596015,618596,22.581,199.0,28.4,73.5,0,200.8,1.5362291495737217,198.0,203.0,5.0,0.0,0.03864874331195576,28.409999999999997,0.030000000000000426,0.0,0.001207773228498634,73.57000000000001,0.07810249675906684,-0.20000000000000284,-0.0026571011026968756,0,0.0,normal,0,unknown
run_2,sentinel_data_20260911_165323.csv,598524,621105,22.581,198.0,28.4,73.5,0,200.7,1.676305461424021,198.0,203.0,5.0,0.0,-0.0700508472529198,28.409999999999997,0.030000000000000426,0.0,0.0007246639370991805,73.55,0.06708203932499306,0.0,-0.0007246639370989575,0,0.0,normal,0,unknown
run_2,sentinel_data_20260911_165323.csv,601033,623614,22.581,198.0,28.4,73.5,0,200.7,1.676305461424021,198.0,203.0,5.0,-4.0,-0.20049035593077047,28.409999999999997,0.030000000000000426,0.0,0.00024155464569972697,73.55,0.06708203932499306,-0.09999999999999432,-0.0031402103940961225,0,0.0,normal,0,unknown
run_2,sentinel_data_20260911_165323.csv,603542,626123,22.581,198.0,28.4,73.5,0,200.3,1.7916472867168918,198.0,203.0,5.0,-4.0,-0.22464582050074278,28.409999999999997,0.030000000000000426,0.0,-0.00024155464569972697,73.53999999999999,0.06633249580710766,-0.09999999999999432,-0.002898655748396482,0,0.0,normal,0,unknown
run_2,sentinel_data_20260911_165323.csv,606051,628631,22.58,198.0,28.4,73.7,0,199.9,1.8138357147217055,198.0,203.0,5.0,-5.0,-0.2294832324502587,28.409999999999997,0.030000000000000426,0.0,-0.0007246761895919263,73.55,0.08062257748298621,0.20000000000000284,0.002173797498087822,0,0.0,normal,0,unknown
run_2,sentinel_data_20260911_165323.csv,608560,631141,22.581,198.0,28.5,73.5,0,199.4,1.5620499351813308,198.0,202.0,4.0,-3.0,-0.18841629940832516,28.419999999999998,0.04000000000000057,0.10000000000000142,0.000966289768880885,73.55,0.0806225774829862,-0.09999999999999432,-0.0002418516499369524,0,0.0,normal,0,unknown
run_2,sentinel_data_20260911_165323.csv,611069,633649,22.58,198.0,28.4,73.6,0,199.1,1.5132745950421556,198.0,202.0,4.0,-3.0,-0.17634258168931408,28.419999999999998,0.04000000000000057,0.0,7.702542325432382e-08,73.55,0.08062257748298621,0.09999999999999432,0.0021737537260183137,0,0.0,normal,0,unknown
run_2,sentinel_data_20260911_165323.csv,613578,636158,22.58,198.0,28.4,73.6,0,198.8,1.4000000000000001,198.0,202.0,4.0,-4.0,-0.14977300629425985,28.419999999999998,0.04000000000000057,-0.10000000000000142,-0.0009661917360502134,73.56,0.08000000000000042,0.09999999999999432,0.001932190903890312,0,0.0,normal,0,unknown
run_2,sentinel_data_20260911_165323.csv,616087,638667,22.58,198.0,28.4,73.6,0,198.4,0.9165151389911679,198.0,201.0,3.0,-3.0,-0.08213422790769376,28.409999999999997,0.030000000000000426,0.0,0.0007248179905507744,73.57000000000001,0.07810249675906683,-0.10000000000000853,0.001207477947381483,0,0.0,normal,0,unknown
run_2,sentinel_data_20260911_165323.csv,618596,641176,22.58,200.0,28.3,73.7,0,198.3,0.6403124237432849,198.0,200.0,2.0,1.0,0.021741371051067493,28.4,0.044721359549995635,-0.09999999999999787,-0.0019324593312440804,73.57000000000001,0.07810249675906683,0.20000000000000284,0.007488352123045117,0,0.0,normal,0,unknown
run_2,sentinel_data_20260911_165323.csv,621105,643685,22.58,200.0,28.4,73.6,0,198.4,0.8,198.0,200.0,2.0,2.0,0.0773026214933579,28.4,0.044721359549995635,0.0,-0.0019324499947333334,73.58000000000001,0.07483314773547912,0.09999999999999432,0.0062804721114332685,0,0.0,normal,0,unknown
run_2,sentinel_data_20260911_165323.csv,623614,646194,22.58,201.0,28.4,73.7,0,198.7,1.1,198.0,201.0,3.0,3.0,0.12320013388204654,28.4,0.044721359549995635,0.0,-0.0019324219857423514,73.60000000000001,0.07745966692414943,0.20000000000000284,0.0067635732342031275,0,0.0,normal,0,unknown
run_2,sentinel_data_20260911_165323.csv,626123,648702,22.579,202.0,28.4,73.7,0,199.1,1.445683229480096,198.0,202.0,4.0,4.0,0.17634466486042819,28.4,0.044721359549995635,0.0,-0.0019324593297555825,73.62,0.07483314773548065,0.20000000000000284,0.006280502450302252,0,0.0,normal,0,unknown
run_2,sentinel_data_20260911_165323.csv,628631,651211,22.58,200.0,28.4,73.6,0,199.3,1.4177446878757827,198.0,202.0,4.0,2.0,0.16668217563971913,28.4,0.044721359549995635,0.0,-0.0019324593297556,73.63000000000001,0.06403124237433107,-0.10000000000000853,0.0026570689925362653,0,0.0,normal,0,unknown
run_2,sentinel_data_20260911_165323.csv,631141,653720,22.579,197.0,28.3,73.6,0,199.2,1.5362291495737217,197.0,202.0,5.0,-1.0,0.08213547677825268,28.389999999999997,0.05385164807134462,-0.1999999999999993,-0.00410667754969051,73.62,0.06000000000000227,0.09999999999999432,0.0038651264070917323,0,0.0,normal,0,unknown
run_2,sentinel_data_20260911_165323.csv,633649,656229,22.58,198.0,28.4,73.8,0,199.2,1.5362291495737217,197.0,202.0,5.0,0.0,0.02415788037241679,28.380000000000003,0.03999999999999915,0.0,-0.00096629210615323,73.65,0.06708203932499623,0.20000000000000284,0.004589877875584929,0,0.0,normal,0,unknown
run_2,sentinel_data_20260911_165323.csv,636158,658737,22.579,200.0,28.4,73.6,0,199.4,1.4966629547095764,197.0,202.0,5.0,2.0,0.009662617597032987,28.380000000000003,0.03999999999999915,0.0,-3.8516433200739325e-08,73.65,0.06708203932499623,0.0,0.0021743489452564725,0,0.0,normal,0,unknown
run_2,sentinel_data_20260911_165323.csv,638667,661246,22.579,201.0,28.4,73.7,0,199.7,1.4866068747318506,197.0,202.0,5.0,3.0,0.007245343702526331,28.380000000000003,0.03999999999999915,0.0,0.0009662897714854691,73.66,0.06633249580711065,0.10000000000000853,0.0019327721307199038,0,0.0,normal,0,unknown
run_2,sentinel_data_20260911_165323.csv,641176,663755,22.579,200.0,28.4,73.7,0,199.9,1.374772708486752,197.0,202.0,5.0,0.0,-0.03140847654337658,28.380000000000003,0.03999999999999915,0.09999999999999787,0.0019326367361362303,73.67,0.06403124237433107,0.0,0.0012080183285914066,0,0.0,normal,0,unknown
run_2,sentinel_data_20260911_165323.csv,643685,666264,22.579,200.0,28.3,73.7,0,199.9,1.374772708486752,197.0,202.0,5.0,0.0,-0.02657653158920619,28.380000000000003,0.03999999999999915,-0.09999999999999787,-0.0019326950956202976,73.67,0.06403124237433107,0.10000000000000853,0.0026574990887216674,0,0.0,normal,0,unknown
run_2,sentinel_data_20260911_165323.csv,646194,668772,22.578,200.0,28.4,73.6,0,199.9,1.374772708486752,197.0,202.0,5.0,-1.0,-0.021745397917112507,28.380000000000003,0.03999999999999915,0.0,-0.0009664193317515566,73.67,0.06403124237433107,-0.10000000000000853,-0.0007245256130031028,0,0.0,normal,0,unknown
run_2,sentinel_data_20260911_165323.csv,648702,671281,22.579,200.0,28.4,73.6,0,199.8,1.32664991614216,197.0,202.0,5.0,-2.0,0.00965904595987629,28.380000000000003,0.03999999999999915,0.0,-1.1555264935849988e-07,73.66000000000001,0.06633249580711065,-0.10000000000000853,-0.0014492613282542175,0,0.0,normal,0,unknown
run_2,sentinel_data_20260911_165323.csv,651211,673790,22.579,198.0,28.4,73.6,0,199.4,1.2,197.0,201.0,4.0,-2.0,0.02898666219789439,28.380000000000003,0.03999999999999915,0.0,0.0009662220732631258,73.65,0.06708203932499623,0.0,-0.0016908404808079842,0,0.0,normal,0,unknown
run_2,sentinel_data_20260911_165323.csv,653720,676299,22.579,198.0,28.4,73.7,0,199.2,1.2489995996796797,197.0,201.0,4.0,1.0,0.014491072580550528,28.380000000000003,0.03999999999999915,0.09999999999999787,0.0019325410254211527,73.66,0.06633249580711065,0.10000000000000853,-0.0019323869552219737,0,0.0,normal,0,unknown
run_2,sentinel_data_20260911_165323.csv,656229,678808,22.579,197.0,28.4,73.6,0,199.2,1.2489995996796797,197.0,201.0,4.0,-1.0,-0.09180237787628757,28.389999999999997,0.02999999999999936,0.0,0.00024151729438431894,73.66,0.06633249580711065,-0.20000000000000284,-0.004831231765650199,0,0.0,normal,0,unknown
run_2,sentinel_data_20260911_165323.csv,658737,681317,22.58,199.0,28.4,73.6,0,199.3,1.1874342087037917,197.0,201.0,4.0,-1.0,-0.1280314894773945,28.389999999999997,0.02999999999999936,0.0,0.0007246324218270933,73.64000000000001,0.04898979485566774,0.0,-0.002415556949807674,0,0.0,normal,0,unknown
run_2,sentinel_data_20260911_165323.csv,661246,683825,22.579,199.0,28.4,73.6,0,199.2,1.1661903789690602,197.0,201.0,4.0,-2.0,-0.1159561031540821,28.389999999999997,0.02999999999999936,0.0,0.0012077942286828646,73.64000000000001,0.04898979485566774,-0.10000000000000853,-0.004348190176600853,0,0.0,normal,0,unknown
run_2,sentinel_data_20260911_165323.csv,663755,686334,22.579,199.0,28.4,73.7,0,199.0,1.0,197.0,200.0,3.0,-1.0,-0.07247374621788771,28.389999999999997,0.02999999999999936,0.0,0.0016909513689212909,73.64000000000001,0.04898979485566774,0.0,-0.0014493593761748182,0,0.0,normal,0,unknown
run_2,sentinel_data_20260911_165323.csv,666264,688843,22.579,197.0,28.4,73.8,0,198.7,1.1,197.0,200.0,3.0,-3.0,-0.08938355168377082,28.389999999999997,0.02999999999999936,0.09999999999999787,0.002174075830455772,73.65,0.06708203932499623,0.09999999999999432,0.0036236522958705947,0,0.0,normal,0,unknown
run_2,sentinel_data_20260911_165323.csv,668772,691351,22.579,198.0,28.4,73.7,0,198.5,1.02469507659596,197.0,200.0,3.0,-2.0,-0.07005912763897197,28.4,0.0,0.0,0.0,73.65,0.06708203932499623,0.10000000000000853,0.006039347543248195,0,0.0,normal,0,unknown
run_2,sentinel_data_20260911_165323.csv,671281,693860,22.579,198.0,28.4,73.8,0,198.3,0.9,197.0,200.0,3.0,-2.0,-0.041070306223757624,28.4,0.0,0.0,0.0,73.67,0.07810249675906847,0.20000000000000284,0.007972092828030212,0,0.0,normal,0,unknown
run_2,sentinel_data_20260911_165323.csv,673790,696369,22.579,198.0,28.3,73.6,0,198.1,0.7000000000000001,197.0,199.0,2.0,0.0,-0.0024162642693029545,28.389999999999997,0.02999999999999936,-0.09999999999999787,-0.0021742526575695984,73.66999999999999,0.07810249675906847,0.0,0.0045900161866287295,0,0.0,normal,0,unknown
run_2,sentinel_data_20260911_165323.csv,676299,698878,22.579,199.0,28.3,73.7,0,198.2,0.7483314773547882,197.0,199.0,2.0,1.0,0.01449488932219662,28.380000000000003,0.03999999999999915,-0.09999999999999787,-0.00386536801671952,73.68,0.07483314773548065,0.0,0.0033820766443787933,0,0.0,normal,0,unknown
run_2,sentinel_data_20260911_165323.csv,678808,701387,22.579,198.0,28.4,73.6,0,198.2,0.7483314773547882,197.0,199.0,2.0,1.0,0.004831279609897982,28.380000000000003,0.03999999999999915,0.0,-0.0028989603546180657,73.67,0.07810249675906847,0.0,0.0021740565655862737,0,0.0,normal,0,unknown
run_2,sentinel_data_20260911_165323.csv,681317,703895,22.578,199.0,28.4,73.7,0,198.4,0.66332495807108,197.0,199.0,2.0,0.0,-0.009663376262847077,28.380000000000003,0.03999999999999915,0.0,-0.0019326752525693732,73.68,0.07483314773548065,0.10000000000000853,0.0009661835545969941,0,0.0,normal,0,unknown
run_2,sentinel_data_20260911_165323.csv,683825,706404,22.579,200.0,28.4,73.6,0,198.5,0.806225774829855,197.0,200.0,3.0,1.0,0.041066816329521354,28.380000000000003,0.03999999999999915,0.0,-0.0009663527995604384,73.68,0.07483314773548065,0.0,-0.00289894284770694,0,0.0,normal,0,unknown
run_2,sentinel_data_20260911_165323.csv,686334,708913,22.579,198.0,28.3,73.5,0,198.4,0.8,197.0,200.0,3.0,-1.0,0.04348260203594377,28.369999999999997,0.04582575694955742,-0.09999999999999787,-0.00217424565277162,73.67,0.09000000000000088,-0.20000000000000284,-0.008938407113763047,0,0.0,normal,0,unknown
run_2,sentinel_data_20260911_165323.csv,688843,711422,22.579,200.0,28.4,73.5,0,198.5,0.9219544457292888,197.0,200.0,3.0,3.0,0.09421266625982931,28.369999999999997,0.04582575694955742,0.0,-0.0007247602219951226,73.65,0.1024695076595964,-0.29999999999999716,-0.011837198226378565,0,0.0,normal,0,unknown
run_2,sentinel_data_20260911_165323.csv,691351,713931,22.58,197.0,28.3,73.4,0,198.5,0.9219544457292888,197.0,200.0,3.0,-1.0,0.02173965540768585,28.360000000000003,0.048989794855662516,-0.09999999999999787,-0.0014495029343046134,73.61,0.11357816691600477,-0.29999999999999716,-0.013286436222852879,0,0.0,normal,0,unknown
run_2,sentinel_data_20260911_165323.csv,693860,716440,22.58,199.0,28.3,73.5,0,198.6,0.9165151389911679,197.0,200.0,3.0,1.0,0.01932391639444658,28.35,0.04999999999999894,-0.09999999999999787,-0.001691078586269797,73.59,0.11357816691600439,-0.29999999999999716,-0.013286391287246757,0,0.0,normal,0,unknown
run_2,sentinel_data_20260911_165323.csv,696369,718949,22.58,201.0,28.3,73.5,0,198.9,1.1357816691600546,197.0,201.0,4.0,3.0,0.055559931646221236,28.340000000000003,0.048989794855662516,0.0,-0.0014495134358599037,73.56,0.09165151389911594,-0.09999999999999432,-0.009662742491483032,0,0.0,normal,0,unknown
run_2,sentinel_data_20260911_165323.csv,698878,721458,22.58,202.0,28.3,73.5,0,199.3,1.4177446878757827,197.0,202.0,5.0,3.0,0.09904197931927469,28.340000000000003,0.048989794855662516,0.0,-0.0033819879384373052,73.55,0.09219544457292826,-0.20000000000000284,-0.009904120905759844,0,0.0,normal,0,unknown
run_2,sentinel_data_20260911_165323.csv,701387,723967,22.58,202.0,28.4,73.5,0,199.6,1.624807680927192,197.0,202.0,5.0,4.0,0.14976731112389402,28.35,0.04999999999999894,0.0,-0.0031402506509711197,73.53,0.0781024967590652,-0.09999999999999432,-0.0070052545150968235,0,0.0,normal,0,unknown
run_2,sentinel_data_20260911_165323.csv,703895,726476,22.581,201.0,28.4,73.6,0,199.9,1.57797338380595,197.0,202.0,5.0,2.0,0.13768614804884233,28.35,0.04999999999999894,0.0,-0.0007246639370991546,73.53,0.0781024967590652,-0.10000000000000853,-0.0036233196854959546,0,0.0,normal,0,unknown
run_2,sentinel_data_20260911_165323.csv,706404,728985,22.581,200.0,28.4,73.5,0,200.0,1.5491933384829668,197.0,202.0,5.0,0.0,0.11594622993586724,28.35,0.04999999999999894,0.0,0.0016908825198980275,73.51,0.05385164807134198,-0.09999999999999432,0.00024155464569970987,0,0.0,normal,0,unknown
run_2,sentinel_data_20260911_165323.csv,708913,731494,22.581,200.0,28.3,73.5,0,200.0,1.5491933384829668,197.0,202.0,5.0,2.0,0.11594622993586724,28.340000000000003,0.048989794855662516,0.0,0.001932437165597746,73.5,0.044721359549993255,0.0,0.002415546456997097,0,0.0,normal,0,unknown
run_2,sentinel_data_20260911_165323.csv,711422,734003,22.581,200.0,28.4,73.5,0,200.2,1.4000000000000001,197.0,202.0,5.0,0.0,0.0628042078819281,28.35,0.04999999999999894,0.0,0.0021739918112974642,73.5,0.044721359549993255,0.0,0.002415546456997097,0,0.0,normal,0,unknown
run_2,sentinel_data_20260911_165323.csv,713931,736512,22.581,199.0,28.4,73.5,0,200.1,1.445683229480096,197.0,202.0,5.0,2.0,0.031402103940964037,28.35,0.04999999999999894,0.09999999999999787,0.004589538268294647,73.5,0.044721359549993255,0.09999999999999432,0.002415546456997097,0,0.0,normal,0,unknown
run_2,sentinel_data_20260911_165323.csv,716440,739021,22.581,196.0,28.4,73.5,0,200.0,1.6733200530681511,196.0,202.0,6.0,-3.0,-0.1401016945058396,28.360000000000003,0.048989794855662516,0.09999999999999787,0.0043479836225949284,73.51,0.029999999999998295,0.0,-0.0002415546456997097,0,0.0,normal,0,unknown
run_2,sentinel_data_20260911_165323.csv,718949,741530,22.581,198.0,28.4,73.4,0,199.9,1.7578395831246945,196.0,202.0,6.0,-3.0,-0.2101525417587594,28.369999999999997,0.04582575694955742,0.09999999999999787,0.003623319685495774,73.5,0.044721359549993255,-0.09999999999999432,-0.002898655748396516,0,0.0,normal,0,unknown
run_2,sentinel_data_20260911_165323.csv,721458,744039,22.581,199.0,28.4,73.5,0,199.7,1.7349351572897473,196.0,202.0,6.0,-3.0,-0.20049035593077044,28.380000000000003,0.03999999999999915,0.09999999999999787,0.002415546456997183,73.5,0.044721359549993255,0.0,-0.002898655748396516,0,0.0,normal,0,unknown
run_2,sentinel_data_20260911_165323.csv,723967,746548,22.581,197.0,28.4,73.6,0,199.2,1.7204650534085253,196.0,202.0,6.0,-5.0,-0.19807480947377318,28.389999999999997,0.02999999999999936,0.0,0.0007246639370991547,73.51,0.05385164807134198,0.09999999999999432,-0.0007246639370991287,0,0.0,normal,0,unknown
run_2,sentinel_data_20260911_165323.csv,726476,749057,22.581,197.0,28.4,73.5,0,198.7,1.5524174696260025,196.0,201.0,5.0,-4.0,-0.1715037984468036,28.389999999999997,0.02999999999999936,0.0,0.0012077732284985917,73.51,0.05385164807134198,-0.09999999999999432,-0.0012077732284985487,0,0.0,normal,0,unknown
run_2,sentinel_data_20260911_165323.csv,728985,751566,22.581,196.0,28.4,73.5,0,198.2,1.5362291495737217,196.0,200.0,4.0,-4.0,-0.16908825198980637,28.389999999999997,0.02999999999999936,0.0,0.0016908825198980277,73.5,0.044721359549993255,0.0,0.0009662185827988386,0,0.0,normal,0,unknown
run_2,sentinel_data_20260911_165323.csv,731494,754075,22.581,197.0,28.4,73.5,0,197.9,1.445683229480096,196.0,200.0,4.0,-3.0,-0.14734833387683127,28.389999999999997,0.02999999999999936,0.09999999999999787,0.0021739918112974642,73.5,0.044721359549993255,0.0,0.0009662185827988388,0,0.0,normal,0,unknown
run_2,sentinel_data_20260911_165323.csv,734003,756584,22.581,198.0,28.4,73.4,0,197.7,1.2688577540449522,196.0,200.0,4.0,-2.0,-0.08937521890889769,28.4,0.0,0.0,0.0,73.49,0.05385164807134198,-0.09999999999999432,-0.0012077732284985483,0,0.0,normal,0,unknown
run_2,sentinel_data_20260911_165323.csv,736512,759093,22.581,199.0,28.3,73.5,0,197.6,1.1135528725660042,196.0,199.0,3.0,0.0,0.0,28.389999999999997,0.02999999999999936,-0.09999999999999787,-0.0021739918112974642,73.49,0.05385164807134198,0.0,-0.0007246639370991292,0,0.0,normal,0,unknown
run_2,sentinel_data_20260911_165323.csv,739021,761602,22.581,199.0,28.4,73.2,0,197.6,1.1135528725660042,196.0,199.0,3.0,3.0,0.06763530079592256,28.389999999999997,0.02999999999999936,0.0,-0.0016908825198980277,73.46000000000001,0.10198039027185353,-0.29999999999999716,-0.00676353007959218,0,0.0,normal,0,unknown
run_2,sentinel_data_20260911_165323.csv,741530,764111,22.581,199.0,28.4,73.4,0,197.9,1.0440306508910548,196.0,199.0,3.0,1.0,0.055557568510936385,28.389999999999997,0.02999999999999936,0.0,-0.0012077732284985912,73.45,0.10246950765959363,0.0,-0.0070050847252918205,0,0.0,normal,0,unknown
run_2,sentinel_data_20260911_165323.csv,744039,766620,22.581,199.0,28.4,73.4,0,198.0,1.0954451150103321,196.0,199.0,3.0,0.0,0.08212857953790596,28.389999999999997,0.02999999999999936,0.0,-0.0007246639370991552,73.45,0.10246950765959362,-0.09999999999999432,-0.009420631182288848,0,0.0,normal,0,unknown
run_2,sentinel_data_20260911_165323.csv,746548,769129,22.581,200.0,28.4,73.4,0,198.1,1.2206555615733703,196.0,200.0,4.0,3.0,0.15217942679082577,28.389999999999997,0.02999999999999936,0.0,-0.0002415546456997183,73.44,0.10198039027185324,-0.19999999999998863,-0.009179076536589071,0,0.0,normal,0,unknown
run_2,sentinel_data_20260911_165323.csv,749057,771638,22.581,199.0,28.4,73.3,0,198.3,1.1874342087037917,196.0,200.0,4.0,2.0,0.14251724096283683,28.389999999999997,0.02999999999999936,0.0,0.0002415546456997182,73.41,0.0943398113205655,-0.20000000000000284,-0.007971303308090762,0,0.0,normal,0,unknown
run_2,sentinel_data_20260911_165323.csv,751566,774147,22.581,199.0,28.4,73.4,0,198.5,1.118033988749895,196.0,200.0,4.0,3.0,0.12319286930685894,28.389999999999997,0.02999999999999936,0.0,0.0007246639370991547,73.39999999999999,0.08944271909999127,-0.09999999999999432,-0.005797311496793239,0,0.0,normal,0,unknown
run_2,sentinel_data_20260911_165323.csv,754075,776656,22.581,198.0,28.4,73.4,0,198.7,0.7810249675906655,197.0,200.0,3.0,1.0,0.04589538268294745,28.389999999999997,0.02999999999999936,0.0,0.0012077732284985917,73.39,0.0830662386291808,-0.09999999999999432,-0.0031402103940962943,0,0.0,normal,0,unknown
run_2,sentinel_data_20260911_165323.csv,756584,779165,22.581,199.0,28.4,73.5,0,198.9,0.5385164807134505,198.0,200.0,2.0,1.0,0.0072466393709917035,28.389999999999997,0.02999999999999936,0.0,0.0016908825198980277,73.39,0.0830662386291808,0.09999999999999432,0.0021739918112974564,0,0.0,normal,0,unknown
run_2,sentinel_data_20260911_165323.csv,759093,781674,22.581,199.0,28.4,73.5,0,199.0,0.4472135954999579,198.0,200.0,2.0,0.0,-0.014493278741983404,28.389999999999997,0.02999999999999936,0.09999999999999787,0.0021739918112974642,73.4,0.08944271909999127,0.0,0.004831092913994399,0,0.0,normal,0,unknown
run_2,sentinel_data_20260911_165323.csv,761602,784183,22.581,199.0,28.4,73.4,0,199.0,0.4472135954999579,198.0,200.0,2.0,0.0,-0.014493278741983405,28.4,0.0,0.0,0.0,73.39,0.0830662386291808,0.20000000000000284,0.007488194016691344,0,0.0,normal,0,unknown
run_2,sentinel_data_20260911_165323.csv,764111,786692,22.581,198.0,28.4,73.5,0,198.9,0.5385164807134505,198.0,200.0,2.0,-1.0,-0.03623319685495851,28.4,0.0,0.0,0.0,73.41999999999999,0.059999999999999436,0.09999999999999432,0.004831092913994296,0,0.0,normal,0,unknown
run_2,sentinel_data_20260911_165323.csv,766620,789201,22.581,198.0,28.4,73.3,0,198.8,0.6000000000000001,198.0,200.0,2.0,-1.0,-0.05314202205393915,28.4,0.0,0.0,0.0,73.41,0.07000000000000049,-0.10000000000000853,0.0016908825198978304,0,0.0,normal,0,unknown
run_2,sentinel_data_20260911_165323.csv,769129,791710,22.581,200.0,28.4,73.5,0,198.9,0.7000000000000001,198.0,200.0,2.0,0.0,-0.021739918112975102,28.4,0.0,0.0,0.0,73.41999999999999,0.07483314773547912,0.09999999999999432,0.0033817650397959353,0,0.0,normal,0,unknown
run_2,sentinel_data_20260911_165323.csv,771638,794219,22.581,200.0,28.4,73.6,0,198.9,0.7000000000000001,198.0,200.0,2.0,1.0,0.03140210394096405,28.4,0.0,0.0,0.0,73.44000000000001,0.09165151389911594,0.29999999999999716,0.006763530079592008,0,0.0,normal,0,unknown
run_2,sentinel_data_20260911_165323.csv,774147,796728,22.581,199.0,28.4,73.6,0,198.9,0.7000000000000001,198.0,200.0,2.0,0.0,0.0362331968549585,28.4,0.0,0.0,0.0,73.47,0.08999999999999757,0.19999999999998863,0.006521975433892059,0,0.0,normal,0,unknown
run_2,sentinel_data_20260911_165323.csv,776656,799237,22.581,199.0,28.3,73.7,0,198.9,0.7000000000000001,198.0,200.0,2.0,1.0,0.041064289768952975,28.389999999999997,0.02999999999999936,-0.09999999999999787,-0.0021739918112974642,73.50000000000001,0.10954451150103219,0.29999999999999716,0.00966218582798866,0,0.0,normal,0,unknown
run_2,sentinel_data_20260911_165323.csv,779165,801746,22.581,200.0,28.4,73.5,0,199.1,0.7000000000000001,198.0,200.0,2.0,1.0,0.04106428976895298,28.389999999999997,0.02999999999999936,0.0,-0.0016908825198980277,73.51,0.10440306508910502,0.0,0.007005084725291857,0,0.0,normal,0,unknown
run_2,sentinel_data_20260911_165323.csv,781674,804255,22.581,201.0,28.3,73.5,0,199.3,0.9,198.0,201.0,3.0,2.0,0.07971303308090873,28.380000000000003,0.03999999999999915,-0.09999999999999787,-0.003381765039796055,73.51,0.104403065089105,0.0,0.006521975433892436,0,0.0,normal,0,unknown
run_2,sentinel_data_20260911_165323.csv,784183,806763,22.58,202.0,28.5,73.7,0,199.6,1.2,198.0,202.0,4.0,3.0,0.13044055877310454,28.389999999999997,0.05385164807134462,0.10000000000000142,-0.00024177696329151838,73.53,0.11874342087037926,0.29999999999999716,0.010386974035108996,0,0.0,normal,0,unknown
run_2,sentinel_data_20260911_165323.csv,786692,809272,22.58,201.0,28.3,73.6,0,199.8,1.2489995996796797,198.0,202.0,4.0,3.0,0.14493744355523644,28.380000000000003,0.05999999999999943,-0.09999999999999787,-0.0019326635698938151,73.55000000000001,0.11180339887499012,0.09999999999999432,0.008454680997965178,0,0.0,normal,0,unknown
run_2,sentinel_data_20260911_165323.csv,789201,811781,22.58,201.0,28.3,73.8,0,200.1,1.1357816691600546,198.0,202.0,4.0,3.0,0.12319824326427889,28.369999999999997,0.06403124237432785,-0.09999999999999787,-0.0031405097403253966,73.58,0.13266499161421638,0.5,0.012561422737075962,0,0.0,normal,0,unknown
run_2,sentinel_data_20260911_165323.csv,791710,814290,22.58,202.0,28.3,73.7,0,200.5,1.02469507659596,199.0,202.0,3.0,2.0,0.10870449191715842,28.360000000000003,0.06633249580710733,-0.09999999999999787,-0.0038652454537576307,73.62,0.09797958971132764,0.20000000000000284,0.007730028732647165,0,0.0,normal,0,unknown
run_2,sentinel_data_20260911_165323.csv,794219,816799,22.58,203.0,28.3,73.7,0,200.8,1.2489995996796797,199.0,203.0,4.0,3.0,0.14977234118853386,28.35,0.06708203932499306,-0.09999999999999787,-0.0041068286936336035,73.64000000000001,0.09165151389911778,0.10000000000000853,0.006280601660610255,0,0.0,normal,0,unknown
run_2,sentinel_data_20260911_165323.csv,796728,819308,22.58,204.0,28.3,73.7,0,201.2,1.5362291495737217,199.0,204.0,5.0,5.0,0.198086608022765,28.340000000000003,0.06633249580710744,-0.09999999999999787,-0.003865245453757665,73.65,0.09219544457292979,0.10000000000000853,0.00652215397131258,0,0.0,normal,0,unknown
run_2,sentinel_data_20260911_165323.csv,799237,821816,22.579,205.0,28.4,73.7,0,201.8,1.7204650534085253,199.0,205.0,6.0,6.0,0.22224592387843872,28.339999999999996,0.06633249580710744,0.09999999999999787,-0.0009665126959060104,73.66,0.09165151389911749,0.0,0.006280714864457579,0,0.0,normal,0,unknown
run_2,sentinel_data_20260911_165323.csv,801746,824325,22.579,204.0,28.4,73.7,0,202.3,1.5524174696260025,200.0,205.0,5.0,4.0,0.19567410770036422,28.35,0.06708203932499306,0.0,-0.0007249685585450235,73.66000000000001,0.09165151389911749,0.20000000000000284,0.008213357432165287,0,0.0,normal,0,unknown
run_2,sentinel_data_20260911_165323.csv,804255,826834,22.579,204.0,28.3,73.6,0,202.7,1.4177446878757827,201.0,205.0,4.0,3.0,0.17151594720691582,28.340000000000003,0.06633249580710744,0.0,-0.0004834104107084374,73.67,0.07810249675906775,0.09999999999999432,0.002657178115653456,0,0.0,normal,0,unknown
run_2,sentinel_data_20260911_165323.csv,806763,829343,22.58,204.0,28.4,73.7,0,203.0,1.3416407864998738,201.0,205.0,4.0,2.0,0.15460327067300692,28.35,0.06708203932499306,-0.10000000000000142,-0.00024177522804331937,73.69000000000001,0.05385164807134673,0.0,-0.0012077977321898502,0,0.0,normal,0,unknown
run_2,sentinel_data_20260911_165323.csv,809272,831851,22.579,205.0,28.3,73.6,0,203.3,1.4177446878757827,201.0,205.0,4.0,4.0,0.17151810643206275,28.330000000000002,0.04582575694955742,0.0,0.002657306501158718,73.68,0.06000000000000227,0.0,-0.0028987852791099045,0,0.0,normal,0,unknown
run_2,sentinel_data_20260911_165323.csv,811781,834360,22.579,206.0,28.3,73.7,0,203.8,1.4000000000000001,201.0,206.0,5.0,5.0,0.1691043691771904,28.330000000000002,0.04582575694955742,0.0,0.0012078911025191759,73.69000000000001,0.05385164807134673,-0.09999999999999432,-0.004590001596592964,0,0.0,normal,0,unknown
run_2,sentinel_data_20260911_165323.csv,814290,836869,22.579,208.0,28.3,73.7,0,204.5,1.5652475842498528,202.0,208.0,6.0,6.0,0.18601556364207872,28.330000000000002,0.04582575694955742,0.0,-0.00024160366571827617,73.68000000000002,0.04000000000000341,0.0,-0.0014494294046998324,0,0.0,normal,0,unknown
run_2,sentinel_data_20260911_165323.csv,816799,839378,22.579,208.0,28.3,73.6,0,205.1,1.6401219466856725,203.0,208.0,5.0,5.0,0.1956782045379116,28.330000000000002,0.04582575694955742,0.0,-0.0016910937645865903,73.67000000000002,0.045825756949562306,-0.10000000000000853,-0.0026573450185225565,0,0.0,normal,0,unknown
run_2,sentinel_data_20260911_165323.csv,819308,841887,22.579,211.0,28.3,73.8,0,205.9,2.2561028345356955,204.0,211.0,7.0,7.0,0.2681496747030408,28.330000000000002,0.04582575694955742,0.0,-0.0031404951556601585,73.68,0.060000000000002274,0.09999999999999432,0.0009664158254358754,0,0.0,normal,0,unknown
run_2,sentinel_data_20260911_165323.csv,821816,844396,22.58,213.0,28.4,73.6,0,206.8,2.993325909419153,204.0,213.0,9.0,8.0,0.37201764654745534,28.339999999999996,0.048989794855662516,0.0,-0.002415556949807417,73.67,0.06403124237433107,-0.10000000000000853,-0.0002415441406092965,0,0.0,normal,0,unknown
run_2,sentinel_data_20260911_165323.csv,824325,846905,22.58,215.0,28.4,73.8,0,207.8,3.789459064299283,204.0,215.0,11.0,11.0,0.5024626865851566,28.340000000000003,0.048989794855662516,0.0,0.0004833123633384507,73.67999999999999,0.07483314773548065,0.09999999999999432,0.003382031122945084,0,0.0,normal,0,unknown
run_2,sentinel_data_20260911_165323.csv,826834,849413,22.579,216.0,28.4,73.8,0,209.0,4.266145801540309,204.0,216.0,12.0,12.0,0.5797684357305817,28.340000000000003,0.048989794855662516,0.09999999999999787,0.0033820964812553166,73.68999999999998,0.08306623862918218,0.20000000000000284,0.006522397309141348,0,0.0,normal,0,unknown
run_2,sentinel_data_20260911_165323.csv,829343,851922,22.579,216.0,28.3,73.5,0,210.2,4.377213725647858,204.0,216.0,12.0,12.0,0.5990936009160862,28.340000000000003,0.048989794855662516,-0.09999999999999787,0.0014495799627049116,73.67999999999999,0.09797958971132766,-0.20000000000000284,1.5405903354792992e-07,0,0.0,normal,0,unknown
run_2,sentinel_data_20260911_165323.csv,831851,854431,22.58,211.0,28.3,73.8,0,210.9,3.858756276314947,205.0,216.0,11.0,6.0,0.4517331825913307,28.330000000000002,0.04582575694955742,0.0,0.002174193125761592,73.69,0.10440306508910582,0.20000000000000284,0.003140471226311333,0,0.0,normal,0,unknown
run_2,sentinel_data_20260911_165323.csv,834360,856940,22.58,211.0,28.3,73.7,0,211.5,3.3241540277189325,206.0,216.0,10.0,5.0,0.29713126004418045,28.330000000000002,0.04582575694955742,0.0,0.0007247864801165673,73.7,0.1,0.0,0.0009663306207255983,0,0.0,normal,0,unknown
run_2,sentinel_data_20260911_165323.csv,836869,859449,22.58,211.0,28.3,73.7,0,212.0,2.792848008753788,208.0,216.0,8.0,3.0,0.14010898829316956,28.330000000000002,0.04582575694955742,0.0,-0.0007246551802561795,73.7,0.1,0.0,0.0009663352895366152,0,0.0,normal,0,unknown
run_2,sentinel_data_20260911_165323.csv,839378,861958,22.58,211.0,28.3,73.7,0,212.3,2.491987158875422,208.0,216.0,8.0,3.0,0.0120748961561097,28.330000000000002,0.04582575694955742,0.0,-0.0021740898383431225,73.7,0.1,0.10000000000000853,0.0009663306207260107,0,0.0,normal,0,unknown
run_2,sentinel_data_20260911_165323.csv,841887,864466,22.579,211.0,28.4,73.7,0,212.6,2.1071307505705477,211.0,216.0,5.0,0.0,-0.13045302327889524,28.339999999999996,0.048989794855662516,0.09999999999999787,-0.0014494994340370534,73.71000000000001,0.0943398113205655,-0.09999999999999432,-0.00169097354525783,0,0.0,normal,0,unknown
run_2,sentinel_data_20260911_165323.csv,844396,866975,22.579,210.0,28.3,73.6,0,212.5,2.202271554554524,210.0,216.0,6.0,-3.0,-0.22949891248794377,28.339999999999996,0.048989794855662516,-0.09999999999999787,-0.0033820953181476813,73.69,0.09433981132056624,0.0,-0.0016909513689211278,0,0.0,normal,0,unknown
run_2,sentinel_data_20260911_165323.csv,846905,869484,22.579,210.0,28.3,73.7,0,212.2,2.315167380558045,210.0,216.0,6.0,-5.0,-0.2705642406928582,28.330000000000002,0.04582575694955742,-0.09999999999999787,-0.0026573706940976106,73.70000000000002,0.08944271909999127,-0.09999999999999432,-0.0038650493757138677,0,0.0,normal,0,unknown
run_2,sentinel_data_20260911_165323.csv,849413,871993,22.58,211.0,28.3,73.7,0,211.8,2.1354156504062622,210.0,216.0,6.0,-5.0,-0.22224602897807655,28.320000000000004,0.03999999999999915,-0.09999999999999787,-0.0014495344456607656,73.69000000000001,0.08306623862918082,-0.09999999999999432,-0.0012077977321897813,0,0.0,normal,0,unknown
run_2,sentinel_data_20260911_165323.csv,851922,874502,22.58,211.0,28.2,73.7,0,211.3,1.6155494421403513,210.0,216.0,6.0,-5.0,-0.128032685780848,28.3,0.044721359549995635,-0.10000000000000142,-0.0019326705790728952,73.68000000000002,0.0748331477354795,0.20000000000000284,0.0019326705790729554,0,0.0,normal,0,unknown
run_2,sentinel_data_20260911_165323.csv,854431,877011,22.58,212.0,28.3,73.5,0,210.9,0.5385164807134505,210.0,212.0,2.0,1.0,0.012079903050517602,28.3,0.044721359549995635,0.0,-0.0019326612414512572,73.68,0.07483314773547951,-0.29999999999999716,-0.006763967713927974,0,0.0,normal,0,unknown
run_2,sentinel_data_20260911_165323.csv,856940,879520,22.58,213.0,28.3,73.5,0,211.1,0.8306623862918076,210.0,213.0,3.0,2.0,0.060394210700029795,28.3,0.044721359549995635,0.0,-0.001932633229127739,73.65,0.08062257748298708,-0.20000000000000284,-0.0074886649077640826,0,0.0,normal,0,unknown
run_2,sentinel_data_20260911_165323.csv,859449,882029,22.58,210.0,28.3,73.7,0,211.0,0.8944271909999159,210.0,213.0,3.0,-1.0,0.033820264515211515,28.3,0.044721359549995635,0.0,-0.0019325865437263563,73.65,0.08062257748298708,0.0,-0.005072847111862882,0,0.0,normal,0,unknown
run_2,sentinel_data_20260911_165323.csv,861958,884538,22.58,211.0,28.4,73.5,0,211.0,0.8944271909999159,210.0,213.0,3.0,0.0,0.03381912078918749,28.310000000000002,0.05385164807134462,0.09999999999999787,0.00024154589260350908,73.63000000000001,0.09000000000000151,-0.20000000000000284,-0.007005254515096996,0,0.0,normal,0,unknown
run_2,sentinel_data_20260911_165323.csv,864466,887047,22.581,213.0,28.3,73.5,0,211.2,1.077032961426901,210.0,213.0,3.0,2.0,0.0772974866239115,28.310000000000002,0.05385164807134462,-0.09999999999999787,-0.00024155464569970998,73.61,0.09433981132056744,-0.20000000000000284,-0.007971303308090866,0,0.0,normal,0,unknown
run_2,sentinel_data_20260911_165323.csv,866975,889556,22.581,210.0,28.3,73.6,0,211.1,1.1357816691600546,210.0,213.0,3.0,0.0,0.045895382682947454,28.3,0.044721359549995635,0.0,0.0019324371655977718,73.60000000000001,0.08944271909999285,0.0,-0.0057973114967934435,0,0.0,normal,0,unknown
run_2,sentinel_data_20260911_165323.csv,869484,892065,22.581,212.0,28.4,73.6,0,211.3,1.1,210.0,213.0,3.0,2.0,0.0362331968549585,28.310000000000002,0.05385164807134462,0.09999999999999787,0.004106428976895254,73.6,0.08944271909999287,-0.10000000000000853,-0.0057973114967937184,0,0.0,normal,0,unknown
run_2,sentinel_data_20260911_165323.csv,871993,894574,22.581,210.0,28.3,73.7,0,211.3,1.1,210.0,213.0,3.0,-1.0,-0.02657101102696957,28.310000000000002,0.05385164807134462,0.0,0.0036233196854958344,73.6,0.08944271909999287,0.0,-0.000966218582799113,0,0.0,normal,0,unknown
run_2,sentinel_data_20260911_165323.csv,874502,897083,22.581,210.0,28.4,73.6,0,211.2,1.1661903789690602,210.0,213.0,3.0,-1.0,-0.06280420788192809,28.32,0.05999999999999943,0.1999999999999993,0.0053142022053938795,73.59,0.08306623862918167,-0.10000000000000853,0.0016908825198977964,0,0.0,normal,0,unknown
run_2,sentinel_data_20260911_165323.csv,877011,899592,22.581,210.0,28.4,73.6,0,211.1,1.2206555615733703,210.0,213.0,3.0,-2.0,-0.09420631182289213,28.340000000000003,0.048989794855662516,0.09999999999999787,0.003864874331195493,73.58,0.07483314773547912,0.09999999999999432,0.004831092913994194,0,0.0,normal,0,unknown
run_2,sentinel_data_20260911_165323.csv,879520,902101,22.581,210.0,28.3,73.5,0,210.9,1.2206555615733703,210.0,213.0,3.0,-3.0,-0.09420631182289213,28.340000000000003,0.048989794855662516,0.0,0.001932437165597746,73.58000000000001,0.07483314773547912,0.0,0.000966218582798702,0,0.0,normal,0,unknown
run_2,sentinel_data_20260911_165323.csv,882029,904610,22.581,209.0,28.3,73.6,0,210.5,1.118033988749895,209.0,213.0,4.0,-1.0,-0.07971303308090873,28.340000000000003,0.048989794855662516,0.0,1.0688701847788163e-19,73.59,0.07000000000000048,-0.10000000000000853,-0.0007246639370994035,0,0.0,normal,0,unknown
run_2,sentinel_data_20260911_165323.csv,884538,907119,22.581,208.0,28.3,73.5,0,210.3,1.3453624047073711,208.0,213.0,5.0,-3.0,-0.1473483338768313,28.340000000000003,0.048989794855662516,-0.09999999999999787,-0.001932437165597746,73.57,0.06403124237432774,0.0,0.00024155464569967566,0,0.0,normal,0,unknown
run_2,sentinel_data_20260911_165323.csv,887047,909628,22.581,208.0,28.4,73.6,0,210.0,1.4832396974191326,208.0,213.0,5.0,-5.0,-0.17875043781779534,28.340000000000003,0.048989794855662516,0.09999999999999787,0.0009662185827988732,73.58,0.05999999999999943,0.09999999999999432,-0.0009662185827989416,0,0.0,normal,0,unknown
run_2,sentinel_data_20260911_165323.csv,889556,912137,22.581,209.0,28.3,73.6,0,209.6,1.1135528725660042,208.0,212.0,4.0,-1.0,-0.1207773228498617,28.340000000000003,0.048989794855662516,0.0,-0.0009662185827988732,73.59,0.05385164807134488,0.0,-0.0026571011026969783,0,0.0,normal,0,unknown
run_2,sentinel_data_20260911_165323.csv,892065,914646,22.581,208.0,28.3,73.6,0,209.4,1.2,208.0,212.0,4.0,-4.0,-0.14493278741983404,28.340000000000003,0.048989794855662516,-0.09999999999999787,-0.00289865574839662,73.59,0.05385164807134488,0.0,-0.0021739918112976277,0,0.0,normal,0,unknown
run_2,sentinel_data_20260911_165323.csv,894574,917155,22.581,208.0,28.3,73.7,0,209.0,0.8944271909999159,208.0,210.0,2.0,-2.0,-0.10628404410787831,28.330000000000002,0.04582575694955742,0.0,-0.0021739918112974642,73.6,0.06324555320336848,0.0,0.0004831092913994195,0,0.0,normal,0,unknown
run_2,sentinel_data_20260911_165323.csv,897083,919664,22.581,206.0,28.3,73.5,0,208.6,1.2,206.0,210.0,4.0,-4.0,-0.14493278741983404,28.330000000000002,0.04582575694955742,-0.09999999999999787,-0.003623319685495774,73.58,0.05999999999999943,-0.09999999999999432,0.0009662185827990789,0,0.0,normal,0,unknown
run_2,sentinel_data_20260911_165323.csv,899592,922173,22.581,206.0,28.3,73.5,0,208.2,1.32664991614216,206.0,210.0,4.0,-4.0,-0.1642571590758119,28.320000000000004,0.03999999999999915,-0.09999999999999787,-0.0024155464569971833,73.57000000000001,0.06403124237432774,-0.09999999999999432,-0.00024155464569953822,0,0.0,normal,0,unknown
run_2,sentinel_data_20260911_165323.csv,902101,924682,22.581,205.0,28.3,73.5,0,207.7,1.4866068747318506,205.0,210.0,5.0,-5.0,-0.18599707718878702,28.310000000000002,0.02999999999999936,0.0,-0.0007246639370991547,73.55999999999999,0.06633249580710723,0.0,-0.0009662185827987353,0,0.0,normal,0,unknown
run_2,sentinel_data_20260911_165323.csv,904610,927191,22.581,206.0,28.4,73.6,0,207.3,1.3453624047073711,205.0,209.0,4.0,-3.0,-0.1618416126188147,28.32,0.03999999999999915,0.09999999999999787,0.0009662185827988732,73.57,0.06403124237432774,0.0,-0.0016908825198979332,0,0.0,normal,0,unknown
run_2,sentinel_data_20260911_165323.csv,907119,929700,22.581,205.0,28.4,73.5,0,206.9,1.374772708486752,205.0,209.0,4.0,-3.0,-0.16667270553280916,28.330000000000002,0.04582575694955742,0.09999999999999787,0.0021739918112974642,73.56,0.06633249580710723,0.0,-0.0024155464569971313,0,0.0,normal,0,unknown
run_2,sentinel_data_20260911_165323.csv,909628,932209,22.581,205.0,28.3,73.4,0,206.6,1.42828568570857,205.0,209.0,4.0,-3.0,-0.17875043781779534,28.330000000000002,0.04582575694955742,-0.09999999999999787,0.000724663937099155,73.55,0.08062257748298356,-0.19999999999998863,-0.007488194016691103,0,0.0,normal,0,unknown
run_2,sentinel_data_20260911_165323.csv,912137,934718,22.581,204.0,28.3,73.4,0,206.2,1.5362291495737217,204.0,209.0,5.0,-5.0,-0.1980748094737732,28.320000000000004,0.03999999999999915,0.0,0.001932437165597746,73.53,0.08999999999999757,-0.19999999999998863,-0.00942063118228885,0,0.0,normal,0,unknown
run_2,sentinel_data_20260911_165323.csv,914646,937227,22.581,204.0,28.3,73.4,0,205.7,1.3453624047073711,204.0,208.0,4.0,-4.0,-0.1715037984468036,28.320000000000004,0.03999999999999915,0.0,0.0009662185827988734,73.50999999999999,0.09433981132056354,-0.19999999999998863,-0.010386849765087757,0,0.0,normal,0,unknown
run_2,sentinel_data_20260911_165323.csv,917155,939736,22.581,205.0,28.3,73.4,0,205.4,1.1135528725660042,204.0,208.0,4.0,-3.0,-0.12560841576385617,28.320000000000004,0.03999999999999915,0.0,1.6033052771682244e-19,73.48999999999998,0.09433981132056384,-0.29999999999999716,-0.010386849765087825,0,0.0,normal,0,unknown
run_2,sentinel_data_20260911_165323.csv,919664,942245,22.581,206.0,28.3,73.4,0,205.2,0.7483314773547882,204.0,206.0,2.0,0.0,-0.04347983622595021,28.320000000000004,0.03999999999999915,0.0,-0.000966218582798873,73.46000000000001,0.06633249580710422,-0.09999999999999432,-0.006763530079591871,0,0.0,normal,0,unknown
run_2,sentinel_data_20260911_165323.csv,922173,944754,22.581,206.0,28.3,73.5,0,205.2,0.7483314773547882,204.0,206.0,2.0,0.0,-0.004831092913994469,28.320000000000004,0.03999999999999915,0.0,-0.0019324371655977464,73.46000000000001,0.06633249580710422,0.0,-0.004831092913994194,0,0.0,normal,0,unknown
run_2,sentinel_data_20260911_165323.csv,924682,947263,22.581,207.0,28.4,73.4,0,205.3,0.9,204.0,207.0,3.0,2.0,0.055557568510936385,28.330000000000002,0.04582575694955742,0.09999999999999787,-0.0007246639370991551,73.45,0.06708203932498988,-0.09999999999999432,-0.005072647559693903,0,0.0,normal,0,unknown
run_2,sentinel_data_20260911_165323.csv,927191,949772,22.581,207.0,28.3,73.3,0,205.5,1.02469507659596,204.0,207.0,3.0,1.0,0.0845441259949032,28.330000000000002,0.04582575694955742,-0.09999999999999787,-0.0021739918112974642,73.42999999999999,0.07810249675906447,-0.29999999999999716,-0.00700508472529189,0,0.0,normal,0,unknown
run_2,sentinel_data_20260911_165323.csv,929700,952281,22.581,207.0,28.3,73.4,0,205.6,1.1135528725660042,204.0,207.0,3.0,2.0,0.13043950867785065,28.320000000000004,0.03999999999999915,-0.09999999999999787,-0.0009662185827988734,73.41,0.05385164807134488,-0.09999999999999432,-0.003140210394096466,0,0.0,normal,0,unknown
run_2,sentinel_data_20260911_165323.csv,932209,954790,22.581,208.0,28.3,73.4,0,205.9,1.3,204.0,208.0,4.0,3.0,0.16667270553280916,28.310000000000002,0.02999999999999936,0.0,0.0007246639370991552,73.4,0.04472135954999643,0.0,-0.0009662185827990102,0,0.0,normal,0,unknown
run_2,sentinel_data_20260911_165323.csv,934718,957299,22.581,206.0,28.3,73.4,0,206.0,1.2649110640673518,204.0,208.0,4.0,2.0,0.14493278741983404,28.310000000000002,0.02999999999999936,0.0,0.0002415546456997183,73.4,0.04472135954999643,0.0,-0.0009662185827989418,0,0.0,normal,0,unknown
run_2,sentinel_data_20260911_165323.csv,937227,959808,22.581,206.0,28.4,73.4,0,206.2,1.077032961426901,204.0,208.0,4.0,2.0,0.09179076536589488,28.32,0.03999999999999915,0.09999999999999787,0.001932437165597746,73.4,0.04472135954999643,0.0,-0.0009662185827988732,0,0.0,normal,0,unknown
run_2,sentinel_data_20260911_165323.csv,939736,962316,22.58,206.0,28.4,73.4,0,206.4,0.8,205.0,208.0,3.0,1.0,0.028988588054930497,28.330000000000002,0.04582575694955742,0.09999999999999787,0.0031402121391897746,73.4,0.04472135954999643,0.0,-0.0009662605939766964,0,0.0,normal,0,unknown
run_2,sentinel_data_20260911_165323.csv,942245,964825,22.58,206.0,28.3,73.3,0,206.5,0.6708203932499369,206.0,208.0,2.0,0.0,-0.0169082066034171,28.330000000000002,0.04582575694955742,0.0,0.001690936199592993,73.39,0.05385164807134673,-0.10000000000000853,-0.0031402990812202883,0,0.0,normal,0,unknown
run_2,sentinel_data_20260911_165323.csv,944754,967335,22.581,205.0,28.3,73.3,0,206.4,0.8,205.0,208.0,3.0,-1.0,-0.06280630836149213,28.330000000000002,0.04582575694955742,0.0,0.000241491624763601,73.38,0.06000000000000227,-0.20000000000000284,-0.0048312574518333045,0,0.0,normal,0,unknown
run_2,sentinel_data_20260911_165323.csv,947263,969843,22.58,205.0,28.4,73.3,0,206.3,0.9,205.0,208.0,3.0,-2.0,-0.10387336974301348,28.340000000000003,0.048989794855662516,0.0,0.0009661438864895297,73.35999999999999,0.048989794855667734,-0.10000000000000853,-0.0033818887354118282,0,0.0,normal,0,unknown
run_2,sentinel_data_20260911_165323.csv,949772,972352,22.58,205.0,28.4,73.3,0,206.1,0.9433981132056604,205.0,208.0,3.0,-2.0,-0.11353703190036578,28.340000000000003,0.048989794855662516,0.09999999999999787,0.003864978183960463,73.35,0.05000000000000427,0.0,-0.0036234772253196114,0,0.0,normal,0,unknown
run_2,sentinel_data_20260911_165323.csv,952281,974861,22.58,205.0,28.3,73.2,0,205.9,0.9433981132056604,205.0,208.0,3.0,-2.0,-0.11353738787203246,28.340000000000003,0.048989794855662516,0.0,0.001932440657568517,73.34,0.06633249580711065,-0.20000000000000284,-0.008213306077325407,0,0.0,normal,0,unknown
run_2,sentinel_data_20260911_165323.csv,954790,977370,22.58,206.0,28.4,73.2,0,205.8,0.8717797887081348,205.0,208.0,3.0,-2.0,-0.08213304909655814,28.35,0.04999999999999894,0.09999999999999787,0.002174009307535481,73.32000000000001,0.07483314773548065,-0.20000000000000284,-0.00966269579978381,0,0.0,normal,0,unknown
run_2,sentinel_data_20260911_165323.csv,957299,979879,22.58,205.0,28.3,73.3,0,205.5,0.5,205.0,206.0,1.0,-1.0,-0.041066699599928536,28.35,0.04999999999999894,0.0,-0.00024167076806672186,73.31,0.07000000000000149,-0.10000000000000853,-0.007971630638649438,0,0.0,normal,0,unknown
run_2,sentinel_data_20260911_165323.csv,959808,982388,22.58,203.0,28.3,73.3,0,205.2,0.8717797887081347,203.0,206.0,3.0,-3.0,-0.08213218544029371,28.35,0.04999999999999894,-0.09999999999999787,-0.0026572551438683615,73.29999999999998,0.06324555320336848,-0.10000000000000853,-0.00579745502492478,0,0.0,normal,0,unknown
run_2,sentinel_data_20260911_165323.csv,962316,984897,22.581,205.0,28.4,73.3,0,205.1,0.8306623862918076,203.0,206.0,3.0,-1.0,-0.0652215222326035,28.35,0.04999999999999894,0.0,-0.00024165675787950856,73.28999999999999,0.05385164807134488,-0.10000000000000853,-0.003140266988209105,0,0.0,normal,0,unknown
run_2,sentinel_data_20260911_165323.csv,964825,987406,22.581,205.0,28.3,73.3,0,205.0,0.7745966692414834,203.0,206.0,3.0,-1.0,-0.043481306586224046,28.340000000000003,0.048989794855662516,0.0,-7.702281845127708e-08,73.28,0.039999999999997725,0.0,3.85114092255851e-08,0,0.0,normal,0,unknown
run_2,sentinel_data_20260911_165323.csv,967335,989915,22.58,204.0,28.4,73.7,0,204.8,0.7483314773547883,203.0,206.0,3.0,-1.0,-0.03865003864125795,28.35,0.04999999999999894,0.09999999999999787,0.00024146886904082522,73.32000000000001,0.13266499161421658,0.4000000000000057,0.009662567427986574,0,0.0,normal,0,unknown
run_2,sentinel_data_20260911_165323.csv,969843,992424,22.581,205.0,28.3,73.5,0,204.8,0.7483314773547883,203.0,206.0,3.0,0.0,-0.028986557483966814,28.35,0.04999999999999894,-0.09999999999999787,-0.0021739918112974642,73.34,0.14282856857085763,0.20000000000000284,0.013043950867785113,0,0.0,normal,0,unknown
run_2,sentinel_data_20260911_165323.csv,972352,994933,22.581,205.0,28.3,73.4,0,204.8,0.7483314773547883,203.0,206.0,3.0,0.0,-0.019324371655977873,28.340000000000003,0.048989794855662516,-0.09999999999999787,-0.0019324371655977464,73.35,0.14317821063276434,0.10000000000000853,0.013285505513484926,0,0.0,normal,0,unknown
run_2,sentinel_data_20260911_165323.csv,974861,997442,22.581,205.0,28.2,73.4,0,204.8,0.7483314773547883,203.0,206.0,3.0,0.0,-0.009662185827988938,28.320000000000004,0.05999999999999943,-0.10000000000000142,-0.0033817650397961327,73.35999999999999,0.14282856857085782,0.20000000000000284,0.013043950867785249,0,0.0,normal,0,unknown
run_2,sentinel_data_20260911_165323.csv,977370,999951,22.581,205.0,28.3,73.4,0,204.8,0.7483314773547883,203.0,206.0,3.0,-1.0,8.550961478230531e-19,28.32,0.05999999999999943,-0.09999999999999787,-0.004347983622594989,73.38,0.13266499161421721,0.20000000000000284,0.00966218582798928,0,0.0,normal,0,unknown
run_2,sentinel_data_20260911_165323.csv,979879,1002460,22.581,205.0,28.3,73.4,0,204.7,0.6403124237432849,203.0,205.0,2.0,0.0,0.03623319685495851,28.310000000000002,0.05385164807134461,0.0,-0.002657101102696944,73.4,0.11832159566199399,0.10000000000000853,0.005314202205394402,0,0.0,normal,0,unknown
run_2,sentinel_data_20260911_165323.csv,982388,1004969,22.581,205.0,28.3,73.5,0,204.7,0.6403124237432849,203.0,205.0,2.0,2.0,0.05072647559694192,28.310000000000002,0.05385164807134461,0.0,-0.003140210394096363,73.42,0.11661903789690718,0.20000000000000284,0.0048310929139948125,0,0.0,normal,0,unknown
run_2,sentinel_data_20260911_165323.csv,984897,1007478,22.581,202.0,28.3,73.5,0,204.6,0.9165151389911681,202.0,205.0,3.0,-3.0,-0.053142022053939156,28.310000000000002,0.05385164807134461,-0.09999999999999787,-0.003623319685495783,73.44,0.11135528725660099,0.20000000000000284,0.0033817650397963135,0,0.0,normal,0,unknown
run_2,sentinel_data_20260911_165323.csv,987406,1009987,22.581,203.0,28.4,73.3,0,204.4,1.0198039027185568,202.0,205.0,3.0,-2.0,-0.07729748662391149,28.310000000000002,0.05385164807134462,0.09999999999999787,0.0007246639370991635,73.44,0.111355287256601,0.0,-0.0033817650397961756,0,0.0,normal,0,unknown
run_2,sentinel_data_20260911_165323.csv,989915,1012496,22.581,201.0,28.3,73.4,0,204.0,1.4142135623730951,201.0,205.0,4.0,-3.0,-0.13527060159184512,28.310000000000002,0.05385164807134462,-0.09999999999999787,0.00024155464569974375,73.44999999999999,0.10246950765959571,-0.29999999999999716,-0.007971303308090968,0,0.0,normal,0,unknown
run_2,sentinel_data_20260911_165323.csv,992424,1015005,22.581,202.0,28.4,73.4,0,203.8,1.5362291495737217,201.0,205.0,4.0,-3.0,-0.17875043781779534,28.310000000000002,0.05385164807134462,0.09999999999999787,0.004589538268294689,73.42,0.05999999999999942,-0.09999999999999432,-0.002415546456997268,0,0.0,normal,0,unknown
run_2,sentinel_data_20260911_165323.csv,994933,1017514,22.581,201.0,28.4,73.3,0,203.4,1.6852299546352716,201.0,205.0,4.0,-4.0,-0.20773699530176215,28.32,0.05999999999999943,0.09999999999999787,0.006280420788192735,73.39999999999999,0.06324555320336848,-0.10000000000000853,-0.0028986557483969277,0,0.0,normal,0,unknown
run_2,sentinel_data_20260911_165323.csv,997442,1020023,22.581,201.0,28.3,73.2,0,203.0,1.7320508075688772,201.0,205.0,4.0,-4.0,-0.2173991811297511,28.32,0.05999999999999943,0.10000000000000142,0.005314202205393879,73.38000000000001,0.08717797887081406,-0.20000000000000284,-0.007246639370991874,0,0.0,normal,0,unknown
run_2,sentinel_data_20260911_165323.csv,999951,1022532,22.581,199.0,28.3,73.5,0,202.4,1.9595917942265424,199.0,205.0,6.0,-6.0,-0.2512168315277124,28.330000000000002,0.04582575694955742,0.0,0.001690882519898028,73.39000000000001,0.09433981132056626,0.09999999999999432,-0.004106428976895442,0,0.0,normal,0,unknown
run_2,sentinel_data_20260911_165323.csv,1002460,1025041,22.581,208.0,28.3,73.4,0,202.7,2.491987158875422,199.0,208.0,9.0,3.0,-0.060388661424930865,28.330000000000002,0.04582575694955742,0.0,0.0002415546456997184,73.39,0.09433981132056625,0.0,-0.0036233196854958175,0,0.0,normal,0,unknown
run_2,sentinel_data_20260911_165323.csv,1004969,1027551,22.582,209.0,28.3,73.5,0,203.1,3.080584360149872,199.0,209.0,10.0,4.0,0.13769152148696867,28.330000000000002,0.04582575694955742,0.0,-0.0012077784775555553,73.39999999999999,0.1,0.0,-0.0009659840297627518,0,0.0,normal,0,unknown
run_2,sentinel_data_20260911_165323.csv,1007478,1030060,22.582,211.0,28.3,73.3,0,203.7,3.874274125562103,199.0,211.0,12.0,9.0,0.3599128619914938,28.330000000000002,0.04582575694955742,0.0,-0.0026570112445408055,73.38,0.09797958971132764,-0.20000000000000284,-0.0004829949354030604,0,0.0,normal,0,unknown
run_2,sentinel_data_20260911_165323.csv,1009987,1032569,22.582,214.0,28.4,73.4,0,204.9,4.887739763939974,199.0,214.0,15.0,11.0,0.5386493724170155,28.339999999999996,0.048989794855662516,0.0,-0.0019322796324201408,73.36999999999999,0.09000000000000088,0.10000000000000853,0.00314006510800841,0,0.0,normal,0,unknown
run_2,sentinel_data_20260911_165323.csv,1012496,1035078,22.582,213.0,28.4,73.4,0,205.9,5.39351462406472,199.0,214.0,15.0,12.0,0.6642433129218408,28.340000000000003,0.048989794855662516,0.09999999999999787,0.0009661835732050484,73.38,0.08717797887081406,0.0,0.0019323671464101307,0,0.0,normal,0,unknown
run_2,sentinel_data_20260911_165323.csv,1015005,1037587,22.582,212.0,28.3,73.3,0,207.0,5.403702434442518,199.0,214.0,15.0,10.0,0.6666565140613935,28.340000000000003,0.048989794855662516,-0.09999999999999787,-0.0009661018949478148,73.36999999999999,0.09000000000000088,-0.10000000000000853,0.0007246726848512253,0,0.0,normal,0,unknown
run_2,sentinel_data_20260911_165323.csv,1017514,1040096,22.582,211.0,28.4,73.4,0,207.9,5.243090691567332,199.0,214.0,15.0,10.0,0.6207669774097211,28.340000000000003,0.048989794855662516,0.0,0.0019323286407679312,73.36999999999999,0.09000000000000088,0.10000000000000853,0.002173893786890473,0,0.0,normal,0,unknown
run_2,sentinel_data_20260911_165323.csv,1020023,1042605,22.582,211.0,28.4,73.5,0,208.9,4.763402145525822,199.0,214.0,15.0,10.0,0.5048339975221598,28.340000000000003,0.048989794855662516,0.09999999999999787,0.004830833852751066,73.39,0.09433981132056624,0.29999999999999716,0.0031400266018081716,0,0.0,normal,0,unknown
run_2,sentinel_data_20260911_165323.csv,1022532,1045114,22.582,210.0,28.3,73.4,0,209.8,3.9698866482558413,199.0,214.0,15.0,11.0,0.31885174627008545,28.339999999999996,0.048989794855662516,0.0,0.0028985857265029164,73.41,0.07000000000000048,-0.09999999999999432,-0.0016909058523438146,0,0.0,normal,0,unknown
run_2,sentinel_data_20260911_165323.csv,1025041,1047623,22.582,211.0,28.4,73.3,0,211.0,1.6733200530681511,208.0,214.0,6.0,3.0,0.057976370580404425,28.35,0.04999999999999894,0.09999999999999787,0.003140170129838915,73.39,0.07000000000000149,-0.10000000000000853,-0.0016908282550858566,0,0.0,normal,0,unknown
run_2,sentinel_data_20260911_165323.csv,1027551,1050132,22.581,210.0,28.4,73.3,0,211.2,1.4000000000000001,209.0,214.0,5.0,1.0,-0.04347983622595021,28.360000000000003,0.048989794855662516,0.09999999999999787,0.002898655748396619,73.38,0.07483314773548065,-0.20000000000000284,-0.00338176503979621,0,0.0,normal,0,unknown
run_2,sentinel_data_20260911_165323.csv,1030060,1052641,22.581,211.0,28.4,73.3,0,211.4,1.2,210.0,214.0,4.0,0.0,-0.1062840441078783,28.369999999999997,0.04582575694955742,0.09999999999999787,0.0021739918112974642,73.35999999999999,0.06633249580711066,0.0,-0.0019324371655979862,0,0.0,normal,0,unknown
run_2,sentinel_data_20260911_165323.csv,1032569,1055150,22.581,210.0,28.4,73.3,0,211.3,1.2688577540449522,210.0,214.0,4.0,-4.0,-0.14734833387683127,28.380000000000003,0.03999999999999915,0.0,0.000966218582798873,73.35999999999999,0.06633249580711066,-0.10000000000000853,-0.004831092913994846,0,0.0,normal,0,unknown
run_2,sentinel_data_20260911_165323.csv,1035078,1057659,22.581,211.0,28.4,73.1,0,211.0,0.8944271909999159,210.0,213.0,3.0,-2.0,-0.08212857953790596,28.380000000000003,0.03999999999999915,0.0,0.001932437165597746,73.33,0.1004987562112118,-0.30000000000001137,-0.009420631182289604,0,0.0,normal,0,unknown
run_2,sentinel_data_20260911_165323.csv,1037587,1060168,22.581,211.0,28.4,73.2,0,210.8,0.6,210.0,212.0,2.0,-1.0,-0.028986557483966807,28.380000000000003,0.03999999999999915,0.09999999999999787,0.0028986557483966194,73.31,0.10440306508910746,-0.09999999999999432,-0.010386849765088272,0,0.0,normal,0,unknown
run_2,sentinel_data_20260911_165323.csv,1040096,1062677,22.581,211.0,28.4,73.2,0,210.7,0.45825756949558405,210.0,211.0,1.0,0.0,0.007246639370991701,28.389999999999997,0.02999999999999936,0.0,0.0012077732284985917,73.30000000000001,0.10954451150103478,-0.20000000000000284,-0.013043950867785214,0,0.0,normal,0,unknown
run_2,sentinel_data_20260911_165323.csv,1042605,1065186,22.581,211.0,28.4,73.2,0,210.7,0.45825756949558405,210.0,211.0,1.0,0.0,0.02173991811297511,28.389999999999997,0.02999999999999936,0.0,0.0016908825198980277,73.28,0.10770329614269081,-0.29999999999999716,-0.012560841576385555,0,0.0,normal,0,unknown
run_2,sentinel_data_20260911_165323.csv,1045114,1067695,22.581,210.0,28.3,73.2,0,210.6,0.4898979485566356,210.0,211.0,1.0,0.0,0.014493278741983409,28.380000000000003,0.03999999999999915,0.0,2.1377403695576327e-19,73.25,0.08062257748298621,-0.20000000000000284,-0.008454412599490183,0,0.0,normal,0,unknown
run_2,sentinel_data_20260911_165323.csv,1047623,1070204,22.581,210.0,28.4,73.2,0,210.6,0.4898979485566356,210.0,211.0,1.0,-1.0,-0.014493278741983404,28.389999999999997,0.02999999999999936,0.0,-0.0016908825198980277,73.23000000000002,0.06403124237432774,-0.09999999999999432,-0.005555756851093289,0,0.0,normal,0,unknown
run_2,sentinel_data_20260911_165323.csv,1050132,1072713,22.581,210.0,28.4,73.3,0,210.5,0.5,210.0,211.0,1.0,0.0,-0.016908825198980636,28.389999999999997,0.02999999999999936,0.0,-0.0012077732284985912,73.22999999999999,0.06403124237432774,0.0,-0.002173991811297284,0,0.0,normal,0,unknown
run_2,sentinel_data_20260911_165323.csv,1052641,1075222,22.581,210.0,28.3,73.3,0,210.5,0.5,210.0,211.0,1.0,-1.0,-0.04106428976895298,28.380000000000003,0.03999999999999915,-0.09999999999999787,-0.0028986557483966194,73.22999999999999,0.06403124237432774,0.0,0.0012077732284987196,0,0.0,normal,0,unknown
run_2,sentinel_data_20260911_165323.csv,1055150,1077731,22.581,211.0,28.4,73.2,0,210.5,0.5,210.0,211.0,1.0,1.0,-0.016908825198980636,28.380000000000003,0.03999999999999915,0.0,-0.001932437165597746,73.22,0.05999999999999943,-0.09999999999999432,0.0024155464569973373,0,0.0,normal,0,unknown
run_2,sentinel_data_20260911_165323.csv,1057659,1080241,22.582,211.0,28.4,73.2,0,210.6,0.4898979485566356,210.0,211.0,1.0,0.0,-0.019322761269858414,28.380000000000003,0.03999999999999915,0.0,-0.0009661380634928998,73.21000000000001,0.05385164807134488,0.10000000000000853,0.00410623117646694,0,0.0,normal,0,unknown
run_2,sentinel_data_20260911_165323.csv,1060168,1082750,22.582,211.0,28.4,73.1,0,210.6,0.4898979485566356,210.0,211.0,1.0,0.0,1.540285212159662e-06,28.380000000000003,0.03999999999999915,0.0,7.701426060790829e-08,73.21000000000001,0.05385164807134488,-0.10000000000000853,-0.0012079109169411322,0,0.0,normal,0,unknown
run_2,sentinel_data_20260911_165323.csv,1062677,1085259,22.582,211.0,28.4,73.2,0,210.6,0.4898979485566356,210.0,211.0,1.0,0.0,0.019324721634212012,28.380000000000003,0.03999999999999915,0.0,0.0009662360817105798,73.21000000000001,0.05385164807134488,0.0,-0.0016909612757439493,0,0.0,normal,0,unknown
run_2,sentinel_data_20260911_165323.csv,1065186,1087768,22.582,211.0,28.4,73.1,0,210.6,0.4898979485566356,210.0,211.0,1.0,0.0,0.038647342928202745,28.380000000000003,0.03999999999999915,0.0,0.001932367146410096,73.20000000000002,0.06324555320336848,-0.10000000000000853,-0.004347864585065208,0,0.0,normal,0,unknown
run_2,sentinel_data_20260911_165323.csv,1067695,1090277,22.582,211.0,28.4,73.1,0,210.6,0.4898979485566356,210.0,211.0,1.0,1.0,0.057969964242485725,28.380000000000003,0.03999999999999915,0.09999999999999787,0.0028984982121242242,73.19000000000001,0.0700000000000015,-0.10000000000000853,-0.006521669109100121,0,0.0,normal,0,unknown
run_2,sentinel_data_20260911_165323.csv,1070204,1092786,22.582,209.0,28.4,73.1,0,210.5,0.6708203932499369,209.0,211.0,2.0,-1.0,0.007247724496513789,28.389999999999997,0.02999999999999936,0.0,0.0012077487193273928,73.18,0.07483314773548065,-0.10000000000000853,-0.008212444855316879,0,0.0,normal,0,unknown
run_2,sentinel_data_20260911_165323.csv,1072713,1095295,22.582,209.0,28.4,73.2,0,210.4,0.7999999999999999,209.0,211.0,2.0,-1.0,-0.03864443746239754,28.389999999999997,0.02999999999999936,0.0,0.0016908457571431581,73.18,0.07483314773548065,-0.09999999999999432,-0.007246404803927636,0,0.0,normal,0,unknown
run_2,sentinel_data_20260911_165323.csv,1075222,1097804,22.582,204.0,28.3,73.1,0,209.8,2.0880613017821097,204.0,211.0,7.0,-6.0,-0.18840075586793587,28.380000000000003,0.03999999999999915,0.0,1.1552139091188911e-07,73.16,0.06633249580711065,-0.20000000000000284,-0.005797209960136445,0,0.0,normal,0,unknown
run_2,sentinel_data_20260911_165323.csv,1077731,1100313,22.582,205.0,28.3,73.1,0,209.3,2.5317977802344322,204.0,211.0,7.0,-6.0,-0.2874408033645828,28.380000000000003,0.03999999999999915,-0.09999999999999787,-0.0038647447961341996,73.14000000000001,0.04898979485566774,-0.10000000000000853,-0.0033817335270368907,0,0.0,normal,0,unknown
run_2,sentinel_data_20260911_165323.csv,1080241,1102822,22.581,205.0,28.3,73.0,0,208.7,2.758622844826744,204.0,211.0,7.0,-6.0,-0.33576095752261553,28.369999999999997,0.04582575694955742,-0.09999999999999787,-0.005072647559694084,73.12,0.060000000000002274,-0.20000000000000284,-0.0048310929139945705,0,0.0,normal,0,unknown
run_2,sentinel_data_20260911_165323.csv,1082750,1105331,22.581,205.0,28.4,73.1,0,208.1,2.844292530665578,204.0,211.0,7.0,-6.0,-0.3550853291785934,28.369999999999997,0.04582575694955742,0.0,-0.0036233196854957746,73.11,0.05385164807134673,0.0,-0.0031402103940964318,0,0.0,normal,0,unknown
run_2,sentinel_data_20260911_165323.csv,1085259,1107840,22.581,206.0,28.4,73.1,0,207.6,2.727636339397171,204.0,211.0,7.0,-5.0,-0.3236832252376294,28.369999999999997,0.04582575694955742,0.0,-0.0021739918112974647,73.11,0.05385164807134673,-0.10000000000000853,-0.003623319685495989,0,0.0,normal,0,unknown
run_2,sentinel_data_20260911_165323.csv,1087768,1110349,22.581,205.0,28.4,73.3,0,207.0,2.569046515733026,204.0,211.0,7.0,-6.0,-0.28986557483966807,28.369999999999997,0.04582575694955742,0.0,-0.0007246639370991552,73.11999999999999,0.07483314773547951,0.20000000000000284,0.002898655748396722,0,0.0,normal,0,unknown
run_2,sentinel_data_20260911_165323.csv,1090277,1112858,22.581,218.0,28.4,73.3,0,207.7,4.075536774462966,204.0,218.0,14.0,7.0,0.05555756851093636,28.369999999999997,0.04582575694955742,0.0,0.0007246639370991547,73.13999999999999,0.09165151389911749,0.20000000000000284,0.006280420788192829,0,0.0,normal,0,unknown
run_2,sentinel_data_20260911_165323.csv,1092786,1115367,22.581,217.0,28.3,73.2,0,208.3,4.879549159502341,204.0,218.0,14.0,8.0,0.34542314335060453,28.360000000000003,0.048989794855662516,-0.09999999999999787,0.0,73.15,0.0921954445729298,0.10000000000000853,0.0065219754338926425,0,0.0,normal,0,unknown
run_2,sentinel_data_20260911_165323.csv,1095295,1117876,22.581,216.0,28.4,73.0,0,209.0,5.403702434442518,204.0,218.0,14.0,7.0,0.5314202205393915,28.360000000000003,0.048989794855662516,0.0,0.001932437165597746,73.14,0.10198039027185603,-0.20000000000000284,0.0019324371655978837,0,0.0,normal,0,unknown
run_2,sentinel_data_20260911_165323.csv,1097804,1120385,22.581,219.0,28.4,73.1,0,210.0,6.180614856144977,204.0,219.0,15.0,15.0,0.7488194016691426,28.360000000000003,0.048989794855662516,0.09999999999999787,0.003864874331195493,73.13,0.10049875621120899,0.0,0.0026571011026971167,0,0.0,normal,0,unknown
run_2,sentinel_data_20260911_165323.csv,1100313,1122894,22.581,219.0,28.4,73.0,0,211.5,6.360031446463139,205.0,219.0,14.0,14.0,0.7850525985241011,28.369999999999997,0.04582575694955742,0.09999999999999787,0.003140210394096337,73.11999999999999,0.10770329614268977,-0.09999999999999432,-0.0009662185827987359,0,0.0,normal,0,unknown
run_2,sentinel_data_20260911_165323.csv,1102822,1125403,22.581,221.0,28.4,73.1,0,213.1,6.5337584895678535,205.0,221.0,16.0,16.0,0.8188702489220624,28.380000000000003,0.03999999999999915,0.09999999999999787,0.001932437165597746,73.12,0.10770329614268977,0.09999999999999432,-0.0019324371655977807,0,0.0,normal,0,unknown
run_2,sentinel_data_20260911_165323.csv,1105331,1127912,22.581,221.0,28.3,73.2,0,214.7,6.3095166217389425,205.0,221.0,16.0,16.0,0.7753904126961122,28.380000000000003,0.03999999999999915,-0.09999999999999787,-0.001932437165597746,73.14,0.10198039027185603,0.10000000000000853,-0.0033817650397959353,0,0.0,normal,0,unknown
run_2,sentinel_data_20260911_165323.csv,1107840,1130421,22.581,222.0,28.4,73.2,0,216.4,5.7306195127577615,205.0,222.0,17.0,16.0,0.6763530079592256,28.380000000000003,0.03999999999999915,0.0,-0.000966218582798873,73.15,0.10246950765959639,0.10000000000000853,-0.003140210394096192,0,0.0,normal,0,unknown
run_2,sentinel_data_20260911_165323.csv,1110349,1132930,22.581,224.0,28.4,73.2,0,218.2,4.955804677345546,205.0,224.0,19.0,19.0,0.5652378709373528,28.380000000000003,0.03999999999999915,0.0,2.6721754619470405e-19,73.16,0.10198039027185603,-0.09999999999999432,-0.0033817650397959366,0,0.0,normal,0,unknown
run_2,sentinel_data_20260911_165323.csv,1112858,1135439,22.581,221.0,28.4,73.2,0,219.8,2.315167380558045,216.0,224.0,8.0,3.0,0.2753722960976847,28.380000000000003,0.03999999999999915,0.0,0.0009662185827988728,73.15,0.0921954445729298,-0.09999999999999432,0.0012077732284988233,0,0.0,normal,0,unknown
run_2,sentinel_data_20260911_165323.csv,1115367,1137948,22.581,223.0,28.4,73.2,0,220.3,2.41039415863879,216.0,224.0,8.0,6.0,0.29711221421065986,28.380000000000003,0.03999999999999915,0.09999999999999787,0.001932437165597746,73.14000000000001,0.08000000000000185,0.0,0.006280420788193001,0,0.0,normal,0,unknown
run_2,sentinel_data_20260911_165323.csv,1117876,1140457,22.581,221.0,28.4,73.1,0,220.7,2.1470910553583886,216.0,224.0,8.0,5.0,0.2246458205007428,28.389999999999997,0.02999999999999936,0.0,0.0002415546456997182,73.13000000000001,0.07810249675906847,0.09999999999999432,0.007005084725292096,0,0.0,normal,0,unknown
run_2,sentinel_data_20260911_165323.csv,1120385,1142966,22.581,223.0,28.4,73.2,0,221.4,1.5620499351813308,219.0,224.0,5.0,4.0,0.1497638803338285,28.389999999999997,0.02999999999999936,0.0,0.0007246639370991547,73.15,0.06708203932499625,0.10000000000000853,0.005072647559694384,0,0.0,normal,0,unknown
run_2,sentinel_data_20260911_165323.csv,1122894,1145475,22.581,220.0,28.4,73.1,0,221.5,1.4317821063276353,219.0,224.0,5.0,1.0,0.055557568510936385,28.389999999999997,0.02999999999999936,0.0,0.0012077732284985917,73.15,0.06708203932499623,0.09999999999999432,0.0026571011026968756,0,0.0,normal,0,unknown
run_2,sentinel_data_20260911_165323.csv,1125403,1147984,22.581,223.0,28.4,73.2,0,221.9,1.2206555615733703,220.0,224.0,4.0,2.0,0.021739918112975105,28.389999999999997,0.02999999999999936,0.0,0.0016908825198980277,73.17000000000002,0.045825756949562306,0.10000000000000853,-0.0002415546456997442,0,0.0,normal,0,unknown
run_2,sentinel_data_20260911_165323.csv,1127912,1150493,22.581,221.0,28.3,73.1,0,221.9,1.2206555615733703,220.0,224.0,4.0,0.0,-0.021739918112975105,28.380000000000003,0.03999999999999915,0.0,2.1377403695576327e-19,73.17000000000002,0.045825756949562306,-0.10000000000000853,-0.00362331968549616,0,0.0,normal,0,unknown
run_2,sentinel_data_20260911_165323.csv,1130421,1153002,22.581,220.0,28.4,73.2,0,221.8,1.32664991614216,220.0,224.0,4.0,-2.0,-0.08695967245190045,28.389999999999997,0.02999999999999936,0.0,-0.0016908825198980277,73.17000000000002,0.045825756949562306,0.0,-0.0021739918112976962,0,0.0,normal,0,unknown
run_2,sentinel_data_20260911_165323.csv,1132930,1155511,22.581,221.0,28.3,73.2,0,221.7,1.3453624047073711,220.0,224.0,4.0,-3.0,-0.0990374047368866,28.380000000000003,0.03999999999999915,-0.09999999999999787,-0.003381765039796055,73.17000000000002,0.0458257569495623,0.0,-0.0007246639370992323,0,0.0,normal,0,unknown
run_2,sentinel_data_20260911_165323.csv,1135439,1158020,22.581,223.0,28.3,73.1,0,221.6,1.2,220.0,223.0,3.0,2.0,-0.009662185827988931,28.369999999999997,0.04582575694955742,-0.09999999999999787,-0.004589538268294647,73.16000000000001,0.04898979485566774,-0.10000000000000853,-0.0014493278741984639,0,0.0,normal,0,unknown
run_2,sentinel_data_20260911_165323.csv,1137948,1160529,22.581,225.0,28.3,73.2,0,222.0,1.5491933384829668,220.0,225.0,5.0,2.0,0.048310929139944676,28.360000000000003,0.048989794855662516,-0.09999999999999787,-0.0053142022053938014,73.16000000000001,0.04898979485566774,0.0,0.00048310929139948783,0,0.0,normal,0,unknown
run_2,sentinel_data_20260911_165323.csv,1140457,1163038,22.581,226.0,28.4,73.2,0,222.3,1.9519221295943134,220.0,226.0,6.0,5.0,0.1618416126188147,28.360000000000003,0.048989794855662516,0.0,-0.0033817650397960555,73.16000000000001,0.04898979485566774,0.10000000000000853,0.00241554645699744,0,0.0,normal,0,unknown
run_2,sentinel_data_20260911_165323.csv,1142966,1165547,22.581,225.0,28.3,73.0,0,222.7,2.051828452868319,220.0,226.0,6.0,2.0,0.18599707718878702,28.35,0.04999999999999894,-0.09999999999999787,-0.003623319685495774,73.15,0.06708203932499623,-0.20000000000000284,-0.0026571011026968756,0,0.0,normal,0,unknown
run_2,sentinel_data_20260911_165323.csv,1145475,1168056,22.581,225.0,28.3,73.2,0,222.9,2.1656407827707715,220.0,226.0,6.0,5.0,0.24397019215672064,28.340000000000003,0.048989794855662516,-0.09999999999999787,-0.003381765039796056,73.15,0.06708203932499623,0.10000000000000853,-0.0002415546456995038,0,0.0,normal,0,unknown
run_2,sentinel_data_20260911_165323.csv,1147984,1170565,22.581,226.0,28.4,73.3,0,223.5,2.1095023109728985,220.0,226.0,6.0,3.0,0.23430800632873172,28.340000000000003,0.048989794855662516,0.0,-0.0004831092913994364,73.17,0.07810249675906775,0.09999999999999432,0.0016908825198980713,0,0.0,normal,0,unknown
run_2,sentinel_data_20260911_165323.csv,1150493,1173074,22.581,226.0,28.4,73.2,0,223.8,2.2271057451320084,220.0,226.0,6.0,5.0,0.2753722960976847,28.340000000000003,0.048989794855662516,0.09999999999999787,0.002415546456997183,73.17,0.07810249675906775,0.10000000000000853,0.003140210394096534,0,0.0,normal,0,unknown
run_2,sentinel_data_20260911_165323.csv,1153002,1175583,22.581,224.0,28.3,73.1,0,224.1,2.0223748416156684,220.0,226.0,6.0,4.0,0.20532144884476491,28.340000000000003,0.048989794855662516,-0.09999999999999787,0.0004831092913994363,73.17000000000002,0.07810249675906775,-0.10000000000000853,-0.0002415546456998813,0,0.0,normal,0,unknown
run_2,sentinel_data_20260911_165323.csv,1155511,1178092,22.581,225.0,28.4,73.1,0,224.6,1.4966629547095762,221.0,226.0,5.0,4.0,0.11594622993586723,28.340000000000003,0.048989794855662516,0.09999999999999787,0.003381765039796056,73.16000000000001,0.08000000000000149,-0.10000000000000853,-0.000966218582799113,0,0.0,normal,0,unknown
run_2,sentinel_data_20260911_165323.csv,1158020,1180602,22.582,225.0,28.4,73.2,0,225.0,0.8944271909999159,223.0,226.0,3.0,2.0,0.028985297157763226,28.35,0.04999999999999894,0.09999999999999787,0.003623258415801625,73.16,0.08000000000000149,0.10000000000000853,0.0009662535887904261,0,0.0,normal,0,unknown
run_2,sentinel_data_20260911_165323.csv,1160529,1183111,22.582,224.0,28.4,73.2,0,225.1,0.7000000000000001,224.0,226.0,2.0,-1.0,-0.045894145645862826,28.360000000000003,0.048989794855662516,0.09999999999999787,0.003381657676166534,73.17,0.07810249675906775,0.0,0.000241651496222609,0,0.0,normal,0,unknown
run_2,sentinel_data_20260911_165323.csv,1163038,1185620,22.582,224.0,28.3,73.1,0,225.0,0.7745966692414834,224.0,226.0,2.0,-2.0,-0.07246289285326957,28.360000000000003,0.048989794855662516,-0.09999999999999787,0.0004830987877551879,73.16,0.08000000000000149,-0.10000000000000853,-0.00048302177535496945,0,0.0,normal,0,unknown
run_2,sentinel_data_20260911_165323.csv,1165547,1188129,22.582,226.0,28.4,73.0,0,225.0,0.7745966692414834,224.0,226.0,2.0,1.0,-0.02415458933012671,28.360000000000003,0.048989794855662516,0.09999999999999787,0.0024153819217282895,73.14,0.09165151389911778,0.0,-0.0028984352026887863,0,0.0,normal,0,unknown
run_2,sentinel_data_20260911_165323.csv,1168056,1190638,22.582,230.0,28.4,73.2,0,225.5,1.6881943016134133,224.0,230.0,6.0,5.0,0.08453680371714732,28.369999999999997,0.04582575694955742,0.09999999999999787,0.0016907745797990657,73.16000000000001,0.08000000000000149,0.0,-0.005313752949493849,0,0.0,normal,0,unknown
run_2,sentinel_data_20260911_165323.csv,1170565,1193147,22.582,230.0,28.4,73.0,0,226.0,2.1447610589527217,224.0,230.0,6.0,4.0,0.16907442418245405,28.380000000000003,0.03999999999999915,0.0,0.0004830917866025242,73.14000000000001,0.09165151389911778,-0.29999999999999716,-0.007729122034860936,0,0.0,normal,0,unknown
run_2,sentinel_data_20260911_165323.csv,1173074,1195656,22.582,231.0,28.4,73.1,0,226.5,2.6172504656604803,224.0,231.0,7.0,5.0,0.27776832578916777,28.380000000000003,0.03999999999999915,0.0,0.0014492578570653605,73.12,0.07483314773548065,-0.10000000000000853,-0.004347619546395387,0,0.0,normal,0,unknown
run_2,sentinel_data_20260911_165323.csv,1175583,1198165,22.582,231.0,28.4,73.1,0,227.0,2.932575659723036,224.0,231.0,7.0,7.0,0.3623135890302963,28.380000000000003,0.03999999999999915,0.09999999999999787,0.002415475269708996,73.11,0.07000000000000149,0.0,-0.002656857216019665,0,0.0,normal,0,unknown
run_2,sentinel_data_20260911_165323.csv,1178092,1200674,22.582,230.0,28.4,73.1,0,227.6,2.8705400188814645,224.0,231.0,7.0,5.0,0.34782857198938616,28.389999999999997,0.02999999999999936,0.0,0.0007246131747278051,73.11,0.07000000000000149,0.0,-0.0031400546045416205,0,0.0,normal,0,unknown
run_2,sentinel_data_20260911_165323.csv,1180602,1203183,22.581,228.0,28.4,73.0,0,227.9,2.7367864366808017,224.0,231.0,7.0,3.0,0.28745002838267086,28.389999999999997,0.02999999999999936,0.0,0.0012077732284985917,73.1,0.07745966692414945,-0.20000000000000284,-0.005797311496793616,0,0.0,normal,0,unknown
run_2,sentinel_data_20260911_165323.csv,1183111,1205692,22.581,229.0,28.4,72.9,0,228.3,2.570992026436488,224.0,231.0,7.0,5.0,0.23430800632873172,28.389999999999997,0.02999999999999936,0.0,0.0016908825198980277,73.07,0.089999999999999,-0.29999999999999716,-0.007488194016691411,0,0.0,normal,0,unknown
run_2,sentinel_data_20260911_165323.csv,1185620,1208201,22.581,226.0,28.4,73.0,0,228.5,2.29128784747792,224.0,231.0,7.0,2.0,0.07005084725291978,28.389999999999997,0.02999999999999936,0.09999999999999787,0.0021739918112974642,73.04999999999998,0.08062257748298356,-0.09999999999999432,-0.005555756851093494,0,0.0,normal,0,unknown
run_2,sentinel_data_20260911_165323.csv,1188129,1210710,22.581,227.0,28.4,72.8,0,228.8,1.8330302779823362,226.0,231.0,5.0,1.0,-0.08212857953790598,28.4,0.0,0.0,0.0,73.02,0.10770329614268924,-0.20000000000000284,-0.009662185827988936,0,0.0,normal,0,unknown
run_2,sentinel_data_20260911_165323.csv,1190638,1213218,22.58,226.0,28.4,72.8,0,228.8,1.8330302779823362,226.0,231.0,5.0,-4.0,-0.2174032419953883,28.4,0.0,0.0,0.0,72.99999999999999,0.12649110640673472,-0.4000000000000057,-0.014976654088826723,0,0.0,normal,0,unknown
run_2,sentinel_data_20260911_165323.csv,1193147,1215727,22.58,224.0,28.4,72.9,0,228.2,2.2715633383201093,224.0,231.0,7.0,-6.0,-0.2898756573721484,28.4,0.0,0.0,0.0,72.97,0.10999999999999814,-0.09999999999999432,-0.011836630423318485,0,0.0,normal,0,unknown
run_2,sentinel_data_20260911_165323.csv,1195656,1218236,22.58,211.0,28.3,73.0,0,226.3,5.550675634551167,211.0,231.0,20.0,-20.0,-0.6159923717418183,28.389999999999997,0.02999999999999936,-0.09999999999999787,-0.002174077583719197,72.97,0.10999999999999814,-0.09999999999999432,-0.01038749920941289,0,0.0,normal,0,unknown
run_2,sentinel_data_20260911_165323.csv,1198165,1220745,22.58,218.0,28.4,73.1,0,225.0,5.813776741499453,211.0,231.0,20.0,-13.0,-0.6715593411033182,28.389999999999997,0.02999999999999936,0.0,-0.0016909630425526918,72.97,0.10999999999999814,0.0,-0.0041067510797943105,0,0.0,normal,0,unknown
run_2,sentinel_data_20260911_165323.csv,1200674,1223254,22.58,232.0,28.4,72.9,0,225.1,5.923681287847955,211.0,232.0,21.0,2.0,-0.3599319721524431,28.389999999999997,0.02999999999999936,0.0,-0.0012078228250243842,72.95,0.10246950765959432,-0.19999999999998863,-0.0021741581145607153,0,0.0,normal,0,unknown
run_2,sentinel_data_20260911_165323.csv,1203183,1225763,22.58,234.0,28.4,73.0,0,225.5,6.360031446463139,211.0,234.0,23.0,6.0,-0.03622199244826334,28.389999999999997,0.02999999999999936,0.0,-0.0007246709363994619,72.94,0.09165151389911594,0.0,0.0028988763184597238,0,0.0,normal,0,unknown
run_2,sentinel_data_20260911_165323.csv,1205692,1228272,22.58,234.0,28.4,73.0,0,226.1,6.833008122342604,211.0,234.0,23.0,5.0,0.21501257183307507,28.389999999999997,0.02999999999999936,0.0,-0.00024152138261976442,72.94,0.09165151389911594,0.09999999999999432,0.005797668603298366,0,0.0,normal,0,unknown
run_2,sentinel_data_20260911_165323.csv,1208201,1230781,22.58,237.0,28.4,73.0,0,226.9,7.555792479945436,211.0,237.0,26.0,11.0,0.5290440258217433,28.389999999999997,0.02999999999999936,0.0,0.0002416118310495642,72.95,0.09219544457292826,0.0,0.006039140383726114,0,0.0,normal,0,unknown
run_2,sentinel_data_20260911_165323.csv,1210710,1233290,22.58,236.0,28.3,73.0,0,227.9,8.018104514160438,211.0,237.0,26.0,9.0,0.7029528490879507,28.380000000000003,0.03999999999999915,-0.09999999999999787,-0.0014493523791838006,72.95,0.09219544457292826,0.20000000000000284,0.008454491358936844,0,0.0,normal,0,unknown
run_2,sentinel_data_20260911_165323.csv,1213218,1235799,22.581,234.0,28.5,72.9,0,228.6,8.212186067059125,211.0,237.0,26.0,8.0,0.8116236095510707,28.389999999999997,0.05385164807134462,0.10000000000000142,0.0016908825198981054,72.96,0.0799999999999983,0.10000000000000853,0.003381765039796245,0,0.0,normal,0,unknown
run_2,sentinel_data_20260911_165323.csv,1215727,1238308,22.581,233.0,28.5,72.9,0,229.3,8.258934555982389,211.0,237.0,26.0,9.0,0.8381946205780403,28.4,0.06324555320336736,0.10000000000000142,0.0043479836225950655,72.97,0.06403124237432485,0.0,-0.002173991811297387,0,0.0,normal,0,unknown
run_2,sentinel_data_20260911_165323.csv,1218236,1240817,22.581,231.0,28.4,73.0,0,230.0,8.07465169527454,211.0,237.0,26.0,20.0,0.7343261229271592,28.4,0.06324555320336736,0.09999999999999787,0.004347983622595032,72.97999999999999,0.05999999999999659,0.0,-0.003381765039795935,0,0.0,normal,0,unknown
run_2,sentinel_data_20260911_165323.csv,1220745,1243326,22.581,229.0,28.4,72.9,0,231.8,5.095095681142799,218.0,237.0,19.0,11.0,0.2077369953017622,28.410000000000004,0.053851648071345085,0.0,0.0016908825198980967,72.97,0.06403124237432484,-0.19999999999998863,-0.0045895382682944845,0,0.0,normal,0,unknown
run_2,sentinel_data_20260911_165323.csv,1223254,1245835,22.581,230.0,28.4,72.8,0,233.0,2.4083189157584592,229.0,237.0,8.0,-2.0,-0.1980748094737732,28.409999999999997,0.05385164807134508,0.0,0.001207773228498626,72.94,0.06633249580710722,-0.10000000000000853,-0.004831092913994503,0,0.0,normal,0,unknown
run_2,sentinel_data_20260911_165323.csv,1225763,1248344,22.581,230.0,28.4,72.8,0,232.8,2.5612496949731396,229.0,237.0,8.0,-4.0,-0.28986557483966807,28.410000000000004,0.053851648071345085,0.0,0.0007246639370991548,72.92999999999999,0.07810249675906683,-0.20000000000000284,-0.008937521890889807,0,0.0,normal,0,unknown
run_2,sentinel_data_20260911_165323.csv,1228272,1250853,22.581,230.0,28.4,72.9,0,232.4,2.65329983228432,229.0,237.0,8.0,-4.0,-0.3188521323236349,28.409999999999997,0.05385164807134508,0.0,0.00024155464569968377,72.91999999999999,0.07483314773547912,-0.09999999999999432,-0.007729748662391123,0,0.0,normal,0,unknown
run_2,sentinel_data_20260911_165323.csv,1230781,1253362,22.581,229.0,28.4,72.9,0,231.9,2.7730849247724096,229.0,237.0,8.0,-8.0,-0.3502542362645989,28.410000000000004,0.053851648071345085,0.0,-0.00024155464569978704,72.91,0.07000000000000048,-0.09999999999999432,-0.006038866142493017,0,0.0,normal,0,unknown
run_2,sentinel_data_20260911_165323.csv,1233290,1255871,22.581,229.0,28.5,72.8,0,231.1,2.3,229.0,236.0,7.0,-7.0,-0.2777878425546819,28.419999999999998,0.060000000000000143,0.1999999999999993,0.001449327874198284,72.89,0.07000000000000149,-0.20000000000000284,-0.006038866142493189,0,0.0,normal,0,unknown
run_2,sentinel_data_20260911_165323.csv,1235799,1258380,22.581,228.0,28.5,72.7,0,230.3,1.7916472867168918,228.0,234.0,6.0,-6.0,-0.21498363467275383,28.439999999999998,0.04898979485566426,0.0,-4.2754807391152653e-19,72.86,0.08000000000000149,-0.20000000000000284,-0.00724663937099184,0,0.0,normal,0,unknown
run_2,sentinel_data_20260911_165323.csv,1238308,1260889,22.581,228.0,28.5,72.8,0,229.7,1.4177446878757827,228.0,233.0,5.0,-5.0,-0.16667270553280916,28.439999999999998,0.04898979485566426,0.0,0.0028986557483967217,72.85,0.08062257748298708,-0.10000000000000853,-0.007488194016691583,0,0.0,normal,0,unknown
run_2,sentinel_data_20260911_165323.csv,1240817,1263398,22.581,228.0,28.4,72.7,0,229.2,0.9797958971132712,228.0,231.0,3.0,-3.0,-0.11594622993586723,28.429999999999996,0.045825756949559045,0.0,0.003623319685495903,72.83,0.09000000000000088,-0.29999999999999716,-0.009420631182289228,0,0.0,normal,0,unknown
run_2,sentinel_data_20260911_165323.csv,1243326,1265907,22.581,227.0,28.5,72.6,0,228.8,0.9797958971132712,227.0,230.0,3.0,-2.0,-0.11594622993586723,28.439999999999998,0.04898979485566426,0.10000000000000142,0.004347983622595083,72.78999999999999,0.09433981132056851,-0.30000000000001137,-0.009903740473688851,0,0.0,normal,0,unknown
run_2,sentinel_data_20260911_165323.csv,1245835,1268416,22.581,227.0,28.5,72.6,0,228.6,1.1135528725660042,227.0,230.0,3.0,-3.0,-0.1497638803338285,28.45,0.05000000000000071,0.10000000000000142,0.00458953826829481,72.76,0.10198039027185826,-0.20000000000000284,-0.01111151370218747,0,0.0,normal,0,unknown
run_2,sentinel_data_20260911_165323.csv,1248344,1270925,22.581,227.0,28.4,72.8,0,228.3,1.1,227.0,230.0,3.0,-3.0,-0.14734833387683127,28.45,0.05000000000000071,0.0,0.0021739918112975414,72.76,0.10198039027185826,0.0,-0.009179076536589791,0,0.0,normal,0,unknown
run_2,sentinel_data_20260911_165323.csv,1250853,1273434,22.581,227.0,28.5,72.7,0,228.0,1.0,227.0,230.0,3.0,-3.0,-0.13043950867785065,28.459999999999997,0.04898979485566426,0.10000000000000142,0.001932437165597815,72.75,0.10246950765959849,-0.20000000000000284,-0.009420631182289502,0,0.0,normal,0,unknown
run_2,sentinel_data_20260911_165323.csv,1253362,1275943,22.581,226.0,28.5,72.8,0,227.6,0.9165151389911681,226.0,229.0,3.0,-3.0,-0.12077732284986172,28.47,0.045825756949559045,0.10000000000000142,0.0012077732284986344,72.74,0.09165151389911841,-0.10000000000000853,-0.0043479836225952225,0,0.0,normal,0,unknown
run_2,sentinel_data_20260911_165323.csv,1255871,1278452,22.581,224.0,28.5,72.8,0,227.1,1.3,224.0,229.0,5.0,-5.0,-0.1618416126188147,28.48,0.04000000000000057,0.0,-2.1377403695576327e-19,72.72999999999999,0.07810249675906683,0.0,0.0012077732284985487,0,0.0,normal,0,unknown
run_2,sentinel_data_20260911_165323.csv,1258380,1280961,22.581,224.0,28.4,72.7,0,226.6,1.42828568570857,224.0,228.0,4.0,-4.0,-0.17875043781779534,28.47,0.04582575694955905,-0.10000000000000142,-0.0012077732284986344,72.72,0.07483314773547912,0.0,0.002415546456997234,0,0.0,normal,0,unknown
run_2,sentinel_data_20260911_165323.csv,1260889,1283470,22.581,224.0,28.4,72.7,0,226.2,1.5362291495737217,224.0,228.0,4.0,-4.0,-0.1980748094737732,28.459999999999997,0.04898979485566426,-0.10000000000000142,-0.001932437165597815,72.72,0.07483314773547912,-0.09999999999999432,0.0014493278741985326,0,0.0,normal,0,unknown
run_2,sentinel_data_20260911_165323.csv,1263398,1285979,22.581,223.0,28.4,72.8,0,225.7,1.676305461424021,223.0,228.0,5.0,-5.0,-0.21981472758674833,28.449999999999996,0.05000000000000072,0.0,-0.0021739918112975414,72.72,0.07483314773547912,0.09999999999999432,0.005314202205394025,0,0.0,normal,0,unknown
run_2,sentinel_data_20260911_165323.csv,1265907,1288488,22.581,223.0,28.5,72.9,0,225.2,1.661324772583615,223.0,227.0,4.0,-4.0,-0.2173991811297511,28.459999999999997,0.04898979485566426,0.0,-0.0024155464569972683,72.74,0.09165151389911841,0.30000000000001137,0.008695967245190407,0,0.0,normal,0,unknown
run_2,sentinel_data_20260911_165323.csv,1268416,1290997,22.581,224.0,28.5,72.7,0,224.9,1.57797338380595,223.0,227.0,4.0,-3.0,-0.19565926301677597,28.46,0.04898979485566426,0.0,-0.00048310929139945373,72.75,0.0806225774829862,0.10000000000000853,0.004106428976895614,0,0.0,normal,0,unknown
run_2,sentinel_data_20260911_165323.csv,1270925,1293506,22.581,227.0,28.4,72.8,0,224.9,1.57797338380595,223.0,227.0,4.0,0.0,-0.0942063118228921,28.45,0.05000000000000071,0.0,-0.0007246639370991807,72.77000000000001,0.06403124237432774,0.0,0.0012077732284987198,0,0.0,normal,0,unknown
run_2,sentinel_data_20260911_165323.csv,1273434,1296015,22.581,227.0,28.4,72.6,0,224.9,1.57797338380595,223.0,227.0,4.0,0.0,0.0072466393709917035,28.449999999999996,0.05000000000000072,-0.10000000000000142,-0.0031402103940964482,72.75,0.08062257748298621,-0.10000000000000853,-0.0016908825198981737,0,0.0,normal,0,unknown
run_2,sentinel_data_20260911_165323.csv,1275943,1298524,22.581,228.0,28.4,72.8,0,225.0,1.7320508075688772,223.0,228.0,5.0,2.0,0.13043950867785065,28.439999999999998,0.04898979485566426,-0.10000000000000142,-0.0028986557483967217,72.76,0.08000000000000078,0.0,-0.0019324371655978828,0,0.0,normal,0,unknown
run_2,sentinel_data_20260911_165323.csv,1278452,1301033,22.581,228.0,28.4,72.9,0,225.2,1.9390719429665317,223.0,228.0,5.0,4.0,0.22223027404374554,28.43,0.045825756949559045,-0.10000000000000142,-0.0021739918112975414,72.77,0.09000000000000168,0.10000000000000853,0.0021739918112974907,0,0.0,normal,0,unknown
run_2,sentinel_data_20260911_165323.csv,1280961,1303542,22.581,227.0,28.4,72.9,0,225.5,1.9621416870348585,223.0,228.0,5.0,3.0,0.22947691341473725,28.419999999999998,0.04000000000000057,0.0,-0.0009662185827989075,72.78,0.09797958971132939,0.20000000000000284,0.005797311496793375,0,0.0,normal,0,unknown
run_2,sentinel_data_20260911_165323.csv,1283470,1306051,22.581,226.0,28.4,72.9,0,225.7,1.9,223.0,228.0,5.0,2.0,0.20049035593077041,28.419999999999998,0.04000000000000057,0.0,-0.001932437165597815,72.8,0.10000000000000284,0.20000000000000284,0.006280420788192966,0,0.0,normal,0,unknown
run_2,sentinel_data_20260911_165323.csv,1285979,1308560,22.581,233.0,28.4,72.8,0,226.6,2.8,223.0,233.0,10.0,10.0,0.31402103940964043,28.419999999999998,0.04000000000000057,0.0,-0.0028986557483967217,72.80999999999999,0.09433981132056926,0.0,0.003623319685495955,0,0.0,normal,0,unknown
run_2,sentinel_data_20260911_165323.csv,1288488,1311069,22.581,231.0,28.4,72.7,0,227.4,2.8,223.0,233.0,10.0,8.0,0.31402103940964043,28.419999999999998,0.04000000000000057,-0.10000000000000142,-0.00386487433119563,72.8,0.10000000000000285,-0.20000000000000284,0.0009662185827989416,0,0.0,normal,0,unknown
run_2,sentinel_data_20260911_165323.csv,1290997,1313578,22.581,231.0,28.4,72.8,0,228.2,2.5612496949731396,224.0,233.0,9.0,7.0,0.27537229609768465,28.409999999999997,0.030000000000000426,-0.10000000000000142,-0.002173991811297542,72.78999999999999,0.09433981132056851,0.09999999999999432,0.0036233196854959203,0,0.0,normal,0,unknown
run_2,sentinel_data_20260911_165323.csv,1293506,1316087,22.581,231.0,28.3,72.8,0,228.9,2.2561028345356955,226.0,233.0,7.0,4.0,0.2246458205007428,28.389999999999997,0.02999999999999936,-0.09999999999999787,-0.0021739918112974642,72.79999999999998,0.08944271909999445,0.0,0.0014493278741983954,0,0.0,normal,0,unknown
run_2,sentinel_data_20260911_165323.csv,1296015,1318596,22.581,231.0,28.4,73.0,0,229.3,2.238302928559939,226.0,233.0,7.0,4.0,0.21981472758674833,28.389999999999997,0.02999999999999936,0.0,-0.0016908825198980277,72.82,0.1077032961426924,0.4000000000000057,0.005797311496793341,0,0.0,normal,0,unknown
run_2,sentinel_data_20260911_165323.csv,1298524,1321105,22.581,232.0,28.3,72.7,0,229.8,2.2271057451320084,226.0,233.0,7.0,4.0,0.2173991811297511,28.380000000000003,0.03999999999999915,-0.09999999999999787,-0.003381765039796055,72.83000000000001,0.09000000000000088,-0.09999999999999432,-0.0026571011026970807,0,0.0,normal,0,unknown
run_2,sentinel_data_20260911_165323.csv,1301033,1323614,22.581,231.0,28.4,72.9,0,230.1,2.1656407827707715,226.0,233.0,7.0,3.0,0.19565926301677597,28.380000000000003,0.03999999999999915,0.0,-0.002415546456997183,72.84,0.09165151389911778,0.0,-0.0019324371655979184,0,0.0,normal,0,unknown
run_2,sentinel_data_20260911_165323.csv,1303542,1326123,22.581,232.0,28.3,72.9,0,230.5,2.1095023109728985,226.0,233.0,7.0,5.0,0.18116598427479255,28.369999999999997,0.04582575694955742,-0.09999999999999787,-0.003623319685495774,72.83999999999999,0.09165151389911778,0.0,0.000966218582798942,0,0.0,normal,0,unknown
run_2,sentinel_data_20260911_165323.csv,1306051,1328632,22.581,233.0,28.4,72.8,0,231.1,1.8681541692269403,226.0,233.0,7.0,7.0,0.14251724096283683,28.369999999999997,0.04582575694955742,0.0,-0.0021739918112974647,72.83,0.09000000000000088,-0.10000000000000853,0.001690882519898105,0,0.0,normal,0,unknown
run_2,sentinel_data_20260911_165323.csv,1308560,1331141,22.581,232.0,28.3,73.0,0,231.7,0.7810249675906654,231.0,233.0,2.0,-1.0,0.026571011026969578,28.360000000000003,0.048989794855662516,-0.09999999999999787,-0.0028986557483966194,72.84,0.10198039027185603,0.20000000000000284,0.00724663937099184,0,0.0,normal,0,unknown
run_2,sentinel_data_20260911_165323.csv,1311069,1333650,22.581,233.0,28.4,72.9,0,231.7,0.7810249675906654,231.0,233.0,2.0,2.0,0.08937521890889767,28.360000000000003,0.048989794855662516,0.0,-0.0009662185827988728,72.85,0.1024695076595964,0.20000000000000284,0.007488194016691584,0,0.0,normal,0,unknown
run_2,sentinel_data_20260911_165323.csv,1313578,1336159,22.581,233.0,28.3,72.9,0,231.9,0.8306623862918076,231.0,233.0,2.0,2.0,0.0990374047368866,28.35,0.04999999999999894,-0.09999999999999787,-0.0012077732284985915,72.86999999999999,0.09000000000000088,0.10000000000000853,0.0045895382682950335,0,0.0,normal,0,unknown
run_2,sentinel_data_20260911_165323.csv,1316087,1338668,22.581,234.0,28.3,73.0,0,232.2,0.9797958971132712,231.0,234.0,3.0,3.0,0.1207773228498617,28.340000000000003,0.048989794855662516,0.0,-0.000966218582798873,72.89,0.09433981132056624,0.20000000000000284,0.0055557568510937695,0,0.0,normal,0,unknown
run_2,sentinel_data_20260911_165323.csv,1318596,1341177,22.581,233.0,28.3,72.9,0,232.4,0.9165151389911679,231.0,234.0,3.0,2.0,0.1062840441078783,28.340000000000003,0.048989794855662516,-0.09999999999999787,-0.0028986557483966194,72.9,0.08944271909999127,-0.09999999999999432,0.00338176503979621,0,0.0,normal,0,unknown
run_2,sentinel_data_20260911_165323.csv,1321105,1343686,22.581,234.0,28.3,73.0,0,232.7,0.9,231.0,234.0,3.0,2.0,0.10386849765088108,28.330000000000002,0.04582575694955742,0.0,-0.0021739918112974642,72.9,0.08944271909999127,0.29999999999999716,0.008212857953790542,0,0.0,normal,0,unknown
run_2,sentinel_data_20260911_165323.csv,1323614,1346195,22.581,234.0,28.3,73.0,0,232.9,0.9433981132056604,231.0,234.0,3.0,3.0,0.11353068347887,28.330000000000002,0.04582575694955742,-0.09999999999999787,-0.0036233196854957737,72.93,0.06403124237432774,0.09999999999999432,0.005072647559694076,0,0.0,normal,0,unknown
run_2,sentinel_data_20260911_165323.csv,1326123,1348704,22.581,234.0,28.3,72.8,0,233.2,0.7483314773547882,232.0,234.0,2.0,2.0,0.08695967245190044,28.320000000000004,0.03999999999999915,0.0,-0.002415546456997183,72.92,0.07483314773547912,-0.10000000000000853,0.0014493278741981896,0,0.0,normal,0,unknown
run_2,sentinel_data_20260911_165323.csv,1328632,1351213,22.581,234.0,28.3,73.0,0,233.4,0.66332495807108,232.0,234.0,2.0,1.0,0.07246639370991702,28.320000000000004,0.03999999999999915,-0.09999999999999787,-0.003381765039796056,72.92999999999999,0.07810249675906684,0.20000000000000284,0.0026571011026968756,0,0.0,normal,0,unknown
run_2,sentinel_data_20260911_165323.csv,1331141,1353722,22.581,235.0,28.3,73.0,0,233.6,0.8,232.0,235.0,3.0,3.0,0.09662185827988935,28.310000000000002,0.02999999999999936,0.0,-0.0016908825198980277,72.95,0.06708203932499306,0.0,0.0007246639370989575,0,0.0,normal,0,unknown
run_2,sentinel_data_20260911_165323.csv,1333650,1356231,22.581,235.0,28.3,73.0,0,233.9,0.7000000000000001,233.0,235.0,2.0,2.0,0.0845441259949032,28.310000000000002,0.02999999999999936,-0.09999999999999787,-0.0021739918112974642,72.95,0.06708203932499306,0.09999999999999432,0.0031402103940961225,0,0.0,normal,0,unknown
run_3,sentinel_data_20260911_182814.csv,3353855,3376434,22.579,193.0,28.0,70.9,0,191.3,1.4177446878757827,188.0,193.0,5.0,2.0,0.09904416760879992,27.97,0.045825756949559045,0.0,0.0007246936944564282,70.96,0.06633249580710422,-0.09999999999999432,-0.0028986977483086633,0,0.0,normal,0,baseline
run_3,sentinel_data_20260911_182814.csv,3356363,3378943,22.58,193.0,27.9,70.9,0,191.5,1.5,188.0,193.0,5.0,1.0,0.12803021147723953,27.959999999999997,0.04898979485566426,0.0,-3.851401413150541e-08,70.95,0.06708203932498988,-0.09999999999999432,-0.003140240142226407,0,0.0,normal,0,baseline
run_3,sentinel_data_20260911_182814.csv,3358872,3381452,22.58,195.0,27.9,71.1,0,191.8,1.8330302779823362,188.0,195.0,7.0,4.0,0.21741322043727743,27.96,0.04898979485566426,-0.10000000000000142,-0.002898914833032161,70.96000000000001,0.07999999999999545,0.19999999999998863,0.0014495729602330824,0,0.0,normal,0,baseline
run_3,sentinel_data_20260911_182814.csv,3361381,3383961,22.58,196.0,27.9,71.0,0,192.3,2.1931712199461306,188.0,196.0,8.0,8.0,0.2874703056026687,27.95,0.05000000000000071,-0.10000000000000142,-0.0031404934040973136,70.97,0.0781024967590621,0.0,0.0007248477540484085,0,0.0,normal,0,baseline
run_3,sentinel_data_20260911_182814.csv,3363890,3386470,22.58,196.0,28.0,71.1,0,193.1,1.9209372712298547,190.0,196.0,6.0,6.0,0.253649463277317,27.95,0.05000000000000071,0.0,-0.0007247479655442251,70.98,0.08717797887080851,0.19999999999998863,0.004348449278692669,0,0.0,normal,0,baseline
run_3,sentinel_data_20260911_182814.csv,3366399,3388979,22.58,193.0,28.0,71.1,0,193.4,1.624807680927192,191.0,196.0,5.0,2.0,0.16909731960570934,27.95,0.05000000000000071,0.10000000000000142,0.0016909577904514646,71.0,0.08944271909998651,0.0,0.004831583072819068,0,0.0,normal,0,baseline
run_3,sentinel_data_20260911_182814.csv,3368908,3391487,22.579,193.0,28.0,71.0,0,193.6,1.42828568570857,192.0,196.0,4.0,1.0,0.0966304476985329,27.96,0.04898979485566426,0.10000000000000142,0.0014493873889128556,70.99000000000001,0.08306623862917602,0.09999999999999432,0.007488925171725192,0,0.0,normal,0,baseline
run_3,sentinel_data_20260911_182814.csv,3371417,3393996,22.579,192.0,27.9,71.1,0,193.6,1.42828568570857,192.0,196.0,4.0,-1.0,0.01932978695651504,27.959999999999997,0.04898979485566426,-0.10000000000000142,-0.0014493873889128562,71.01,0.08306623862917602,0.09999999999999432,0.007488925171725193,0,0.0,normal,0,baseline
run_3,sentinel_data_20260911_182814.csv,3373925,3396505,22.58,192.0,27.9,71.1,0,193.5,1.5,192.0,196.0,4.0,0.0,-0.03139855002085269,27.95,0.05000000000000071,-0.10000000000000142,-0.0016909577904514648,71.02000000000001,0.08717797887080851,0.19999999999998863,0.009179738240257309,0,0.0,normal,0,baseline
run_3,sentinel_data_20260911_182814.csv,3376434,3399014,22.58,196.0,27.9,71.0,0,193.9,1.57797338380595,192.0,196.0,4.0,3.0,-0.016905778968290448,27.939999999999998,0.04898979485566426,-0.10000000000000142,-0.0014493803873713437,71.03,0.0781024967590621,0.09999999999999432,0.00555624701088252,0,0.0,normal,0,baseline
run_3,sentinel_data_20260911_182814.csv,3378943,3401523,22.58,197.0,27.9,71.1,0,194.3,1.7916472867168918,192.0,197.0,5.0,4.0,0.026577109069135636,27.93,0.045825756949559045,0.0,-0.0007246551802562052,71.05,0.06708203932498988,0.19999999999998863,0.0036236610488652784,0,0.0,normal,0,baseline
run_3,sentinel_data_20260911_182814.csv,3381452,3404032,22.58,192.0,27.9,71.2,0,194.2,1.8867962264113207,192.0,197.0,5.0,-3.0,-0.05797367491195815,27.93,0.045825756949559045,0.0,-0.0021740898383431997,71.08000000000001,0.05999999999999943,0.10000000000000853,0.002898953347604632,0,0.0,normal,0,baseline
run_3,sentinel_data_20260911_182814.csv,3383961,3406541,22.58,195.0,27.9,71.0,0,194.2,1.8867962264113207,192.0,197.0,5.0,-1.0,-0.01932171060958157,27.93,0.045825756949559045,0.0,-0.003623475477536834,71.07000000000001,0.06403124237432774,0.0,0.0016910348184798487,0,0.0,normal,0,baseline
run_3,sentinel_data_20260911_182814.csv,3386470,3409050,22.58,190.0,27.9,71.0,0,193.6,2.1540659228538015,190.0,197.0,7.0,-6.0,-0.06280559649356748,27.93,0.045825756949559045,-0.10000000000000142,-0.005072770085695387,71.07,0.06403124237432774,-0.09999999999999432,-0.0016908976865089886,0,0.0,normal,0,baseline
run_3,sentinel_data_20260911_182814.csv,3388979,3411558,22.579,191.0,27.9,71.0,0,193.1,2.118962010041709,190.0,197.0,7.0,-2.0,-0.05555854863947871,27.919999999999998,0.04000000000000057,-0.10000000000000142,-0.0038650178664644576,71.05999999999999,0.06633249580710723,-0.09999999999999432,-0.0024155639538102056,0,0.0,normal,0,baseline
run_3,sentinel_data_20260911_182814.csv,3391487,3414067,22.58,194.0,27.9,70.9,0,193.2,2.1354156504062622,190.0,197.0,7.0,1.0,-0.03864903495866333,27.909999999999997,0.030000000000000426,-0.10000000000000142,-0.0021741213486084258,71.03999999999999,0.0799999999999983,-0.09999999999999432,-0.004831119741561662,0,0.0,normal,0,baseline
run_3,sentinel_data_20260911_182814.csv,3393996,3416576,22.58,194.0,27.9,71.0,0,193.3,2.1470910553583886,190.0,197.0,7.0,2.0,-0.026571973769870468,27.9,0.0,0.0,0.0,71.03999999999999,0.0799999999999983,-0.09999999999999432,-0.006763792647791281,0,0.0,normal,0,baseline
run_3,sentinel_data_20260911_182814.csv,3396505,3419085,22.58,196.0,27.9,70.9,0,193.7,2.238302928559939,190.0,197.0,7.0,4.0,-0.0024162116975377317,27.9,0.0,0.0,0.0,71.02,0.08717797887081144,-0.19999999999998863,-0.008213271072154239,0,0.0,normal,0,baseline
run_3,sentinel_data_20260911_182814.csv,3399014,3421594,22.58,197.0,27.9,71.1,0,194.2,2.3579652245103193,190.0,197.0,7.0,1.0,0.02415645650048818,27.9,0.0,0.0,0.0,71.02,0.08717797887081144,0.09999999999999432,-0.004348123655329349,0,0.0,normal,0,baseline
run_3,sentinel_data_20260911_182814.csv,3401523,3424103,22.58,198.0,27.9,71.2,0,194.4,2.576819745345025,190.0,198.0,8.0,1.0,0.15460596669307272,27.9,0.0,0.0,0.0,71.04,0.10198039027185435,0.10000000000000853,-0.0009660610187189168,0,0.0,normal,0,baseline
run_3,sentinel_data_20260911_182814.csv,3404032,3426612,22.58,199.0,27.9,71.3,0,194.6,2.835489375751565,190.0,199.0,9.0,7.0,0.3237029711140912,27.9,0.0,0.0,0.0,71.05999999999999,0.12806248474865548,0.09999999999999432,0.00628109650867916,0,0.0,normal,0,baseline
run_3,sentinel_data_20260911_182814.csv,3406541,3429121,22.58,204.0,27.8,71.2,0,195.8,3.8418745424597094,190.0,204.0,14.0,9.0,0.45897659481736813,27.889999999999997,0.02999999999999936,-0.09999999999999787,-0.0021741213486083486,71.06,0.12806248474865548,0.20000000000000284,0.01304472809165035,0,0.0,normal,0,baseline
run_3,sentinel_data_20260911_182814.csv,3409050,3431630,22.58,208.0,27.9,71.2,0,197.1,5.281098370604357,190.0,208.0,18.0,18.0,0.7029409104357335,27.889999999999997,0.02999999999999936,0.0,-0.0016909367835686651,71.08000000000001,0.1326649916142147,0.20000000000000284,0.014493754862526393,0,0.0,normal,0,baseline
run_3,sentinel_data_20260911_182814.csv,3411558,3434139,22.581,207.0,28.0,71.2,0,198.8,5.455272678794342,191.0,208.0,17.0,16.0,0.7294950300131647,27.9,0.044721359549995635,0.10000000000000142,0.0009662185827989506,71.10000000000001,0.1341640786499861,0.20000000000000284,0.014976388033382857,0,0.0,normal,0,baseline
run_3,sentinel_data_20260911_182814.csv,3414067,3436647,22.58,215.0,27.9,71.3,0,201.2,6.6452990903344595,194.0,215.0,21.0,21.0,0.8744392644198621,27.9,0.044721359549995635,0.0,0.0009662605939768251,71.13,0.1417744687875764,0.3999999999999915,0.016667667895957985,0,0.0,normal,0,baseline
run_3,sentinel_data_20260911_182814.csv,3416576,3439156,22.58,202.0,27.9,71.3,0,202.0,6.196773353931867,194.0,215.0,21.0,8.0,0.7005375885963572,27.9,0.044721359549995635,0.0,0.0009662932718632078,71.16999999999999,0.12688577540449372,0.29999999999999716,0.014252325089892852,0,0.0,normal,0,baseline
run_3,sentinel_data_20260911_182814.csv,3419085,3441665,22.58,195.0,27.9,71.4,0,202.1,6.073713855624085,195.0,215.0,20.0,-1.0,0.3357840470669168,27.9,0.044721359549995635,0.0,0.0009663166145638737,71.21,0.12999999999999928,0.5,0.01473561586283758,0,0.0,normal,0,baseline
run_3,sentinel_data_20260911_182814.csv,3421594,3444174,22.58,197.0,28.0,71.7,0,202.2,5.979966555090421,195.0,215.0,20.0,0.0,0.06281110520144154,27.910000000000004,0.053851648071345085,0.10000000000000142,0.0031404589736411742,71.28999999999999,0.15779733838059612,0.6000000000000085,0.01715132862442598,0,0.0,normal,0,baseline
run_3,sentinel_data_20260911_182814.csv,3424103,3446683,22.58,195.0,28.0,71.2,0,202.0,6.180614856144977,195.0,215.0,20.0,-3.0,-0.23190891506120787,27.919999999999998,0.060000000000000143,0.10000000000000142,0.004831483873889919,71.3,0.14832396974191345,0.0,0.010145750244963569,0,0.0,normal,0,baseline
run_3,sentinel_data_20260911_182814.csv,3426612,3449192,22.58,197.0,28.0,71.2,0,201.9,6.252199612936234,195.0,215.0,20.0,-2.0,-0.44690788450796715,27.929999999999996,0.06403124237432867,0.10000000000000142,0.0060393352921009336,71.30000000000001,0.14832396974191345,-0.09999999999999432,0.005314240695405522,0,0.0,normal,0,baseline
run_3,sentinel_data_20260911_182814.csv,3429121,3451701,22.58,194.0,28.1,71.0,0,201.4,6.6513156593263565,194.0,215.0,21.0,-10.0,-0.6957194621155279,27.95,0.08062257748298599,0.3000000000000007,0.008938139829609846,71.27000000000001,0.1734935157289752,-0.20000000000000284,-0.0012083001653532168,0,0.0,normal,0,baseline
run_3,sentinel_data_20260911_182814.csv,3431630,3454209,22.579,192.0,28.0,71.0,0,200.2,7.138627319029898,192.0,215.0,23.0,-16.0,-0.8310044415365766,27.97,0.06403124237432939,0.10000000000000142,0.006039460753296025,71.25,0.19104973174542866,-0.20000000000000284,-0.00893831256063846,0,0.0,normal,0,baseline
run_3,sentinel_data_20260911_182814.csv,3434139,3456718,22.579,190.0,28.0,70.8,0,198.4,7.213875518748574,190.0,215.0,25.0,-17.0,-0.8454983154257052,27.979999999999997,0.06000000000000085,0.0,0.00483163792920198,71.21,0.23430749027720094,-0.4000000000000057,-0.02005028254230359,0,0.0,normal,0,baseline
run_3,sentinel_data_20260911_182814.csv,3436647,3459227,22.58,190.0,28.1,71.1,0,196.7,6.986415389883427,190.0,215.0,25.0,-25.0,-0.7995921433688121,27.99,0.07000000000000099,0.20000000000000284,0.007971861729060174,71.2,0.2366431913239862,-0.20000000000000284,-0.022707092451756453,0,0.0,normal,0,baseline
run_3,sentinel_data_20260911_182814.csv,3439156,3461736,22.58,191.0,28.1,70.9,0,194.3,3.579106033634656,190.0,202.0,12.0,-11.0,-0.437237260531961,28.009999999999998,0.07000000000000099,0.20000000000000284,0.007971919504407522,71.16,0.24979991993593698,-0.3999999999999915,-0.02657247445791515,0,0.0,normal,0,baseline
run_3,sentinel_data_20260911_182814.csv,3441665,3464245,22.58,187.0,28.0,70.9,0,192.8,3.1559467676119,187.0,197.0,10.0,-8.0,-0.3913388319313384,28.020000000000003,0.06000000000000085,0.10000000000000142,0.004831483873889963,71.11999999999999,0.2561249694973148,-0.5,-0.028505157877194476,0,0.0,normal,0,baseline
run_3,sentinel_data_20260911_182814.csv,3444174,3466754,22.58,189.0,28.1,70.9,0,192.2,3.249615361854384,187.0,197.0,10.0,-8.0,-0.4154948215656345,28.040000000000003,0.04898979485566426,0.10000000000000142,0.0033820416288226083,71.07000000000001,0.24515301344262536,-0.7999999999999972,-0.025847765006943104,0,0.0,normal,0,baseline
run_3,sentinel_data_20260911_182814.csv,3446683,3469263,22.58,187.0,28.1,71.0,0,191.2,3.1559467676119,187.0,197.0,10.0,-8.0,-0.4009975163552438,28.05,0.05000000000000071,0.10000000000000142,0.003623591019579229,70.99999999999999,0.12649110640673472,-0.20000000000000284,-0.010628712479919832,0,0.0,normal,0,baseline
run_3,sentinel_data_20260911_182814.csv,3449192,3471771,22.579,187.0,28.1,70.8,0,190.4,3.104834939252004,187.0,197.0,10.0,-10.0,-0.39133960192506023,28.060000000000002,0.04898979485566426,0.10000000000000142,0.0033820579664970156,70.96,0.11999999999999982,-0.4000000000000057,-0.009662505563235356,0,0.0,normal,0,baseline
run_3,sentinel_data_20260911_182814.csv,3451701,3474280,22.579,183.0,28.1,71.0,0,189.0,2.9664793948382653,183.0,194.0,11.0,-11.0,-0.37684572803593197,28.07,0.045825756949559045,0.0,0.002657364272040588,70.94,0.09165151389911594,0.0,-0.0024155686186711485,0,0.0,normal,0,baseline
run_3,sentinel_data_20260911_182814.csv,3454209,3476789,22.58,185.0,28.2,71.0,0,188.1,2.662705391138869,183.0,192.0,9.0,-7.0,-0.3309455314715538,28.080000000000002,0.060000000000000143,0.1999999999999993,0.006280749882552104,70.94000000000001,0.09165151389911592,0.0,0.0004831968212961066,0,0.0,normal,0,baseline
run_3,sentinel_data_20260911_182814.csv,3456718,3479298,22.58,185.0,28.2,71.0,0,187.4,2.4576411454889016,183.0,191.0,8.0,-5.0,-0.29471235232657694,28.1,0.06324555320336736,0.1999999999999993,0.006763929199355607,70.94000000000001,0.09165151389911592,0.20000000000000284,0.0033820801433949435,0,0.0,normal,0,baseline
run_3,sentinel_data_20260911_182814.csv,3459227,3481807,22.58,212.0,28.2,70.9,0,189.6,7.812809993849844,183.0,212.0,29.0,22.0,0.3092195896999672,28.119999999999997,0.05999999999999943,0.09999999999999787,0.006280794234402192,70.95,0.08062257748298356,-0.19999999999998863,-0.0012078228250243753,0,0.0,normal,0,baseline
run_3,sentinel_data_20260911_182814.csv,3461736,3484316,22.58,208.0,28.1,70.8,0,191.4,9.572878355019457,183.0,212.0,29.0,17.0,0.7198939739886123,28.119999999999997,0.05999999999999942,0.0,0.005314471782839535,70.91999999999999,0.07483314773547912,-0.10000000000000853,-0.00048312679579068726,0,0.0,normal,0,baseline
run_3,sentinel_data_20260911_182814.csv,3464245,3486824,22.579,208.0,28.2,70.8,0,193.1,10.783784122468328,183.0,212.0,29.0,21.0,1.0701821017397115,28.130000000000003,0.06403124237432785,0.1999999999999993,0.006522420069811622,70.91,0.08306623862918167,-0.10000000000000853,-0.00362349823311545,0,0.0,normal,0,baseline
run_3,sentinel_data_20260911_182814.csv,3466754,3489333,22.579,208.0,28.2,70.9,0,195.2,11.417530380953668,183.0,212.0,29.0,19.0,1.2320421308857854,28.15,0.04999999999999894,0.09999999999999787,0.004589862701575719,70.91,0.08306623862918167,0.0,-0.004106678716082559,0,0.0,normal,0,baseline
run_3,sentinel_data_20260911_182814.csv,3469263,3491842,22.579,214.0,28.2,71.0,0,197.7,12.474373731775074,183.0,214.0,31.0,27.0,1.4760211447981184,28.159999999999997,0.048989794855662516,0.09999999999999787,0.004348267207978081,70.91999999999999,0.08717797887081438,0.0,-0.0024156269730545234,0,0.0,normal,0,baseline
run_3,sentinel_data_20260911_182814.csv,3471771,3494351,22.58,214.0,28.2,70.7,0,200.4,12.784365451597509,183.0,214.0,31.0,27.0,1.546047342267569,28.169999999999998,0.04582575694955742,0.09999999999999787,0.003623508740286783,70.89000000000001,0.10440306508910582,-0.09999999999999432,-0.0050729276422304004,0,0.0,normal,0,baseline
run_3,sentinel_data_20260911_182814.csv,3474280,3496860,22.58,215.0,28.2,70.7,0,203.2,12.60793400997959,183.0,215.0,32.0,32.0,1.5074002449461608,28.179999999999996,0.03999999999999915,0.09999999999999787,0.0024156456500487684,70.88000000000001,0.11661903789690571,-0.29999999999999716,-0.01159544575306028,0,0.0,normal,0,baseline
run_3,sentinel_data_20260911_182814.csv,3476789,3499369,22.58,214.0,28.2,70.6,0,206.3,10.964032105024136,185.0,215.0,30.0,29.0,1.2054296637078412,28.189999999999998,0.02999999999999936,0.0,0.0007246324218270933,70.84,0.13564659966250645,-0.4000000000000057,-0.014494304563154087,0,0.0,normal,0,baseline
run_3,sentinel_data_20260911_182814.csv,3479298,3501878,22.58,214.0,28.2,70.6,0,209.2,8.506468127254694,185.0,215.0,30.0,29.0,0.8068308523248615,28.189999999999998,0.02999999999999936,0.0,0.0012077609691553493,70.8,0.14142135623731153,-0.4000000000000057,-0.015460488122810138,0,0.0,normal,0,baseline
run_3,sentinel_data_20260911_182814.csv,3481807,3504387,22.58,212.0,28.3,70.5,0,211.9,2.7,208.0,215.0,7.0,0.0,0.22465586822227385,28.2,0.044721359549995635,0.10000000000000142,0.0038649805220338732,70.75,0.15000000000000188,-0.4000000000000057,-0.016668173808802447,0,0.0,normal,0,baseline
run_3,sentinel_data_20260911_182814.csv,3484316,3506895,22.579,213.0,28.2,70.8,0,212.0,2.7202941017470885,208.0,215.0,7.0,5.0,0.2512290498293784,28.2,0.044721359549995635,0.09999999999999787,0.003865017866464381,70.74,0.14282856857085824,0.0,-0.011595631301231781,0,0.0,normal,0,baseline
run_3,sentinel_data_20260911_182814.csv,3486824,3509404,22.58,211.0,28.2,70.6,0,212.3,2.41039415863879,208.0,215.0,7.0,3.0,0.12320354755506933,28.209999999999997,0.030000000000000426,0.0,0.001207905102912772,70.72,0.14696938456699238,-0.20000000000000284,-0.013044882143985748,0,0.0,normal,0,baseline
run_3,sentinel_data_20260911_182814.csv,3489333,3511913,22.58,212.0,28.2,70.5,0,212.7,1.9519221295943134,208.0,215.0,7.0,4.0,0.002419835507893497,28.209999999999997,0.030000000000000426,0.0,0.0007247952319441091,70.69,0.15779733838059656,-0.4000000000000057,-0.015702317617543052,0,0.0,normal,0,baseline
run_3,sentinel_data_20260911_182814.csv,3491842,3514422,22.58,212.0,28.2,70.5,0,213.1,1.2206555615733703,211.0,215.0,4.0,-2.0,-0.13769364024747963,28.209999999999997,0.030000000000000426,0.0,0.00024165968432614515,70.65,0.15000000000000047,-0.5,-0.01425299150997931,0,0.0,normal,0,baseline
run_3,sentinel_data_20260911_182814.csv,3494351,3516931,22.58,211.0,28.2,70.5,0,212.8,1.32664991614216,211.0,215.0,4.0,-3.0,-0.15943569408389816,28.209999999999997,0.030000000000000426,0.0,-0.00024148753548798346,70.6,0.1,-0.20000000000000284,-0.008213657387267446,0,0.0,normal,0,baseline
run_3,sentinel_data_20260911_182814.csv,3496860,3519440,22.58,212.0,28.2,70.4,0,212.6,1.2806248474865698,211.0,215.0,4.0,-3.0,-0.1449407347571981,28.209999999999997,0.030000000000000426,0.0,-0.000724632421827119,70.57,0.1099999999999984,-0.29999999999999716,-0.009904657775003163,0,0.0,normal,0,baseline
run_3,sentinel_data_20260911_182814.csv,3499369,3521949,22.58,210.0,28.2,70.4,0,212.1,1.2206555615733703,210.0,214.0,4.0,-4.0,-0.13769299248273692,28.209999999999997,0.030000000000000426,0.0,-0.001207760969155392,70.53999999999999,0.11135528725659742,-0.19999999999998863,-0.010146170396863621,0,0.0,normal,0,baseline
run_3,sentinel_data_20260911_182814.csv,3501878,3524458,22.58,210.0,28.2,70.5,0,211.7,1.1874342087037917,210.0,214.0,4.0,-4.0,-0.13286031818029756,28.209999999999997,0.030000000000000426,0.0,-0.0016908591734255075,70.53,0.10999999999999724,-0.09999999999999432,-0.009421282374498153,0,0.0,normal,0,baseline
run_3,sentinel_data_20260911_182814.csv,3504387,3526966,22.579,209.0,28.3,70.7,0,211.2,1.16619037896906,209.0,213.0,4.0,-3.0,-0.13044507512047165,28.22,0.04000000000000057,0.0,-2.1379262746930287e-19,70.54,0.11999999999999815,0.20000000000000284,-0.0038655955683025572,0,0.0,normal,0,baseline
run_3,sentinel_data_20260911_182814.csv,3506895,3529475,22.58,212.0,28.2,70.5,0,211.2,1.1661903789690602,209.0,213.0,4.0,-1.0,-0.09179516491113854,28.21,0.030000000000000426,0.0,0.0016908591734255075,70.54,0.11999999999999815,-0.29999999999999716,-0.00579799070968149,0,0.0,normal,0,baseline
run_3,sentinel_data_20260911_182814.csv,3509404,3531984,22.58,213.0,28.2,70.3,0,211.2,1.1661903789690602,209.0,213.0,4.0,2.0,-0.004832353353101989,28.209999999999997,0.030000000000000426,0.0,0.0012077609691553922,70.49,0.10440306508910502,-0.29999999999999716,-0.004106903382917542,0,0.0,normal,0,baseline
run_3,sentinel_data_20260911_182814.csv,3511913,3534493,22.58,212.0,28.3,70.4,0,211.3,1.1874342087037917,209.0,213.0,4.0,0.0,0.007245939072547409,28.22,0.04000000000000057,0.10000000000000142,0.002898760774742687,70.47,0.10049875621120884,-0.09999999999999432,-0.003140613031930589,0,0.0,normal,0,baseline
run_3,sentinel_data_20260911_182814.csv,3514422,3537002,22.58,206.0,28.2,70.3,0,210.7,1.9519221295943134,206.0,213.0,7.0,-6.0,-0.08938312567523589,28.22,0.04000000000000057,0.0,0.0019324780052806323,70.44999999999999,0.11180339887499013,-0.20000000000000284,-0.0060394992727066605,0,0.0,normal,0,baseline
run_3,sentinel_data_20260911_182814.csv,3516931,3539511,22.58,203.0,28.2,70.4,0,209.8,2.9597297173897483,203.0,213.0,10.0,-8.0,-0.22224872499814233,28.22,0.04000000000000057,0.0,0.0009661765624361587,70.44,0.111355287256601,-0.09999999999999432,-0.005797906695209025,0,0.0,normal,0,baseline
run_3,sentinel_data_20260911_182814.csv,3519440,3542020,22.58,208.0,28.3,70.4,0,209.5,2.9748949561287032,203.0,213.0,10.0,-4.0,-0.22949345600644575,28.23,0.04582575694955905,0.10000000000000142,0.002174039069705142,70.42999999999999,0.1100000000000006,0.0,-0.005073142969453266,0,0.0,normal,0,baseline
run_3,sentinel_data_20260911_182814.csv,3521949,3544529,22.58,151.0,28.3,70.1,0,203.4,17.69858751426226,151.0,213.0,62.0,-59.0,-1.4349200900815406,28.240000000000002,0.04898979485566426,0.10000000000000142,0.0028987257632545065,70.4,0.14832396974191536,-0.30000000000001137,-0.01304476660473426,0,0.0,normal,0,baseline
run_3,sentinel_data_20260911_182814.csv,3524458,3547038,22.58,153.0,28.2,70.1,0,197.7,23.030631775963073,151.0,213.0,62.0,-57.0,-2.355236513072886,28.240000000000002,0.04898979485566426,0.0,0.0009661835704141067,70.37,0.17349351572897756,-0.4000000000000057,-0.01956652670145131,0,0.0,normal,0,baseline
run_3,sentinel_data_20260911_182814.csv,3526966,3549547,22.581,259.0,28.2,70.4,0,202.6,29.445542956447586,151.0,259.0,108.0,50.0,-0.6956773796152034,28.24,0.04898979485566426,-0.10000000000000142,-0.0009662185827989075,70.35999999999999,0.16852299546353025,-0.29999999999999716,-0.015459497324782344,0,0.0,normal,0,baseline
run_3,sentinel_data_20260911_182814.csv,3529475,3552056,22.581,151.0,28.3,70.3,0,196.8,33.09924470437354,151.0,259.0,108.0,-61.0,-1.6474026836721136,28.24,0.04898979485566426,0.10000000000000142,0.001932437165597815,70.32,0.12489995996797155,-0.20000000000000284,-0.007729748662391225,0,0.0,normal,0,baseline
run_3,sentinel_data_20260911_182814.csv,3531984,3554565,22.581,206.0,28.3,70.4,0,196.2,32.8718724748074,151.0,259.0,108.0,-7.0,-1.0435160694228052,28.25,0.05000000000000071,0.10000000000000142,0.002173991811297542,70.30999999999999,0.11357816691600989,0.10000000000000853,-0.0012077732284985826,0,0.0,normal,0,baseline
run_3,sentinel_data_20260911_182814.csv,3534493,3557074,22.581,204.0,28.2,70.6,0,195.3,32.52091634625322,151.0,259.0,108.0,-8.0,-0.4275517228885103,28.25,0.05000000000000071,-0.10000000000000142,-0.00024155464569972716,70.34,0.14282856857085924,0.19999999999998863,0.0048310929139942635,0,0.0,normal,0,baseline
run_3,sentinel_data_20260911_182814.csv,3537002,3559583,22.581,194.0,28.2,70.8,0,193.5,32.04137949589562,151.0,259.0,108.0,-12.0,-0.012077732284986167,28.24,0.04898979485566426,0.0,0.0,70.38,0.19899748742132484,0.5,0.01642571590758105,0,0.0,normal,0,baseline
run_3,sentinel_data_20260911_182814.csv,3539511,3562091,22.58,233.0,28.2,70.8,0,196.2,34.055249228276104,151.0,259.0,108.0,30.0,1.1787670629740015,28.24,0.04898979485566426,0.0,-0.001932444164390906,70.42999999999999,0.2325940669922603,0.3999999999999915,0.02343110693598188,0,0.0,normal,0,baseline
run_3,sentinel_data_20260911_182814.csv,3542020,3564600,22.58,218.0,28.2,70.7,0,197.7,34.64693348624089,151.0,259.0,108.0,10.0,1.8334344169875059,28.24,0.04898979485566426,-0.10000000000000142,-0.0038650190351177055,70.46,0.24576411454889077,0.29999999999999716,0.028504534640534516,0,0.0,normal,0,baseline
run_3,sentinel_data_20260911_182814.csv,3544529,3567109,22.58,219.0,28.3,70.9,0,198.8,35.12776679494442,151.0,259.0,108.0,68.0,2.5702604631678856,28.24,0.04898979485566426,0.0,-0.000966278100549751,70.51,0.2773084924772426,0.8000000000000114,0.036476776840171574,0,0.0,normal,0,baseline
run_3,sentinel_data_20260911_182814.csv,3547038,3569618,22.58,217.0,28.2,70.9,0,205.4,31.544254627427797,151.0,259.0,108.0,64.0,1.6957842967218162,28.23,0.045825756949559045,0.0,-0.00024154414060903952,70.58999999999999,0.2624880949681353,0.8000000000000114,0.03406134419567701,0,0.0,critical,1,event
run_3,sentinel_data_20260911_182814.csv,3549547,3572127,22.58,211.0,28.2,71.0,0,211.2,26.267089675104856,151.0,259.0,108.0,-48.0,0.42510664640328205,28.23,0.045825756949559045,0.0,-0.0016909904697926486,70.68,0.2315167380558046,0.5999999999999943,0.02995466081149911,0,0.0,critical,1,event
run_3,sentinel_data_20260911_182814.csv,3552056,3574636,22.58,191.0,28.3,70.7,0,204.4,21.35509306933594,151.0,233.0,82.0,40.0,1.256109256331791,28.24,0.04898979485566426,0.0,-0.0009662535915808958,70.71000000000001,0.21189620100417167,0.4000000000000057,0.02294892720305606,0,0.0,critical,1,event
run_3,sentinel_data_20260911_182814.csv,3554565,3577145,22.58,175.0,28.2,70.6,1,206.8,15.860643114325471,175.0,233.0,58.0,-31.0,-0.8020743715795988,28.23,0.045825756949559045,-0.10000000000000142,-0.00024155989663390427,70.74000000000001,0.1685229954635277,0.19999999999998863,0.009662357351341919,1,0.1,critical,1,event
run_3,sentinel_data_20260911_182814.csv,3557074,3579654,22.58,228.0,28.3,70.5,1,209.0,17.07629936490925,175.0,233.0,58.0,24.0,-0.3623984900324677,28.23,0.04582575694955905,0.10000000000000142,0.00314033759430408,70.75,0.15000000000000188,-0.09999999999999432,-0.004590085606768872,2,0.2,critical,1,event
run_3,sentinel_data_20260911_182814.csv,3559583,3582163,22.58,198.0,28.3,70.9,1,208.4,17.344739836619055,175.0,233.0,58.0,4.0,-0.7343857799049263,28.240000000000002,0.04898979485566426,0.10000000000000142,0.003864965352344504,70.78,0.14696938456699238,0.10000000000000853,-0.005314394755090879,3,0.3,critical,1,event
run_3,sentinel_data_20260911_182814.csv,3562091,3584671,22.58,191.0,28.4,70.5,1,208.1,17.615050383124085,175.0,233.0,58.0,-42.0,-1.4952553416060248,28.26,0.06633249580710819,0.1999999999999993,0.006280424278379694,70.74999999999999,0.1688194301613431,-0.29999999999999716,-0.010869950284972046,4,0.4,critical,1,event
run_3,sentinel_data_20260911_182814.csv,3564600,3587180,22.58,186.0,28.3,70.4,0,203.4,16.584329953302305,175.0,228.0,53.0,-32.0,-1.3141014652391105,28.27,0.06403124237432868,0.10000000000000142,0.005555878208543153,70.71000000000001,0.19723082923316124,-0.29999999999999716,-0.017150704235393503,4,0.4,critical,1,event
run_3,sentinel_data_20260911_182814.csv,3567109,3589689,22.58,197.0,28.4,70.5,0,201.3,15.918856742869446,175.0,228.0,53.0,-22.0,-1.0653064891055382,28.29,0.06999999999999988,0.09999999999999787,0.006522194237143571,70.69,0.207123151772081,-0.4000000000000057,-0.02198241276185469,4,0.4,critical,1,event
run_3,sentinel_data_20260911_182814.csv,3569618,3592198,22.58,197.0,28.4,70.2,0,199.1,14.801689092802889,175.0,228.0,53.0,-20.0,-0.6884616537600955,28.3,0.07745966692414806,0.1999999999999993,0.00917956317830782,70.62,0.24000000000000046,-0.7000000000000028,-0.027055562739133086,4,0.4,critical,1,event
run_3,sentinel_data_20260911_182814.csv,3572127,3594707,22.58,193.0,28.4,70.1,0,196.7,13.601838111078958,175.0,228.0,53.0,-18.0,-0.34542731411978383,28.32,0.07483314773547838,0.1999999999999993,0.008696439884451037,70.53999999999999,0.26532998322843304,-0.9000000000000057,-0.03092080352724323,4,0.4,critical,1,recovery
run_3,sentinel_data_20260911_182814.csv,3574636,3597216,22.58,196.0,28.3,69.9,0,195.2,12.742056348957183,175.0,228.0,53.0,5.0,0.0193481805750387,28.330000000000002,0.06403124237432785,0.0,0.005072812098513399,70.43,0.2794637722496426,-0.7999999999999972,-0.03261177123544352,4,0.4,critical,1,recovery
run_3,sentinel_data_20260911_182814.csv,3577145,3599725,22.58,208.0,28.3,70.0,0,196.9,13.194316958448436,175.0,228.0,53.0,33.0,0.1860357830208225,28.330000000000002,0.06403124237432785,0.10000000000000142,0.003623321421480256,70.36,0.2905167809266791,-0.5999999999999943,-0.034785626479649126,4,0.4,critical,1,recovery
run_3,sentinel_data_20260911_182814.csv,3579654,3602234,22.58,213.0,28.3,69.9,0,200.7,11.730728877610291,186.0,228.0,42.0,-15.0,-0.045851559320460665,28.340000000000003,0.048989794855662516,0.0,-0.0004833006882666744,70.28999999999999,0.30805843601498745,-0.5999999999999943,-0.038408578520126926,3,0.3,critical,1,recovery
run_3,sentinel_data_20260911_182814.csv,3582163,3604743,22.58,242.0,28.3,70.1,0,202.1,15.22136656151477,186.0,242.0,56.0,44.0,1.577412524751926,28.340000000000003,0.048989794855662516,0.0,-0.0024157285085046045,70.25,0.3041381265149117,-0.8000000000000114,-0.036958216086718496,2,0.2,critical,1,recovery
run_3,sentinel_data_20260911_182814.csv,3584671,3607252,22.581,214.0,28.3,70.1,0,203.7,15.543809056984713,186.0,242.0,56.0,23.0,1.7271157167530222,28.340000000000003,0.048989794855662516,-0.09999999999999787,-0.0043479836225949284,70.17,0.21470910553583863,-0.4000000000000057,-0.022947691341473966,1,0.1,normal,0,recovery
run_3,sentinel_data_20260911_182814.csv,3587180,3609761,22.581,224.0,28.3,70.1,0,207.0,15.993748778819805,186.0,242.0,56.0,38.0,1.8309842144039035,28.330000000000002,0.04582575694955742,0.0,-0.0036233196854957737,70.13000000000001,0.18466185312619376,-0.30000000000001137,-0.015701051970482396,0,0.0,normal,0,recovery
run_3,sentinel_data_20260911_182814.csv,3589689,3612270,22.581,230.0,28.3,69.8,0,211.4,15.660140484682758,193.0,242.0,49.0,33.0,1.77301109943597,28.330000000000002,0.04582575694955742,-0.09999999999999787,-0.005072647559694085,70.07,0.18466185312619307,-0.7000000000000028,-0.0157010519704823,0,0.0,normal,0,recovery
run_3,sentinel_data_20260911_182814.csv,3592198,3614779,22.581,226.0,28.2,70.0,0,214.3,15.408114745159448,193.0,242.0,49.0,29.0,1.7077913450970446,28.310000000000002,0.05385164807134462,-0.1999999999999993,-0.006038866142493034,70.02000000000001,0.11661903789690425,-0.20000000000000284,-0.0057973114967935805,0,0.0,normal,0,recovery
run_3,sentinel_data_20260911_182814.csv,3594707,3617288,22.581,224.0,28.2,69.9,0,217.0,14.477568856683085,193.0,242.0,49.0,31.0,1.4589900600263295,28.29,0.05385164807134508,-0.1999999999999993,-0.006038866142493093,69.99,0.10440306508910215,-0.19999999999998863,-0.003623319685495816,0,0.0,normal,0,recovery
run_3,sentinel_data_20260911_182814.csv,3597216,3619797,22.581,228.0,28.1,70.0,0,220.5,12.322743201089601,196.0,242.0,46.0,32.0,1.060424894621786,28.26,0.06633249580710808,-0.1999999999999993,-0.007246639370991728,69.97999999999999,0.09797958971132416,0.09999999999999432,-0.00048310929139952236,0,0.0,normal,0,recovery
run_3,sentinel_data_20260911_182814.csv,3599725,3622306,22.581,236.0,28.2,70.1,0,224.5,9.992497185388645,208.0,242.0,34.0,28.0,0.7464038552121454,28.25,0.06708203932499385,-0.10000000000000142,-0.007488194016691472,70.0,0.09999999999999716,0.09999999999999432,-3.463139398683365e-17,0,0.0,normal,0,recovery
run_3,sentinel_data_20260911_182814.csv,3602234,3624815,22.581,237.0,28.2,70.2,0,227.4,8.93532316147547,213.0,242.0,29.0,24.0,0.5797311496793361,28.24,0.06633249580710819,-0.10000000000000142,-0.0072466393709917625,70.02000000000001,0.11661903789690425,0.29999999999999716,0.0043479836225951175,0,0.0,normal,0,recovery
run_3,sentinel_data_20260911_182814.csv,3604743,3627324,22.581,240.0,28.2,70.1,0,230.1,8.227393268830657,214.0,242.0,28.0,-2.0,0.47103155911446065,28.229999999999997,0.06403124237432867,-0.10000000000000142,-0.006521975433892598,70.03999999999999,0.11135528725659921,0.0,0.002898655748396859,0,0.0,normal,0,recovery
run_3,sentinel_data_20260911_182814.csv,3607252,3629833,22.581,224.0,28.1,70.1,0,228.3,7.349149610669251,214.0,240.0,26.0,10.0,0.6546130898462504,28.209999999999997,0.06999999999999988,-0.1999999999999993,-0.007488194016691448,70.04,0.11135528725659921,0.0,0.005797311496793376,0,0.0,normal,0,recovery
run_3,sentinel_data_20260911_182814.csv,3609761,3632342,22.581,245.0,28.1,70.2,0,231.4,7.2,224.0,245.0,21.0,21.0,0.6377042646472698,28.189999999999998,0.06999999999999963,-0.1999999999999993,-0.0074881940166914044,70.05,0.12041594578792258,0.10000000000000853,0.010869959056487587,0,0.0,normal,0,recovery
run_3,sentinel_data_20260911_182814.csv,3612270,3634851,22.581,229.0,28.1,70.3,0,231.9,6.833008122342604,224.0,245.0,21.0,-1.0,0.3889029795765547,28.169999999999998,0.06403124237432785,-0.1999999999999993,-0.00652197543389247,70.07000000000001,0.14177446878757782,0.5,0.017633489136079702,0,0.0,normal,0,recovery
run_3,sentinel_data_20260911_182814.csv,3614779,3637360,22.581,241.0,28.1,70.2,0,233.0,7.307530362578044,224.0,245.0,21.0,15.0,0.536251313453386,28.15,0.04999999999999894,-0.09999999999999787,-0.004589538268294647,70.11,0.11357816691600477,0.20000000000000284,0.013285505513484718,0,0.0,normal,0,recovery
run_3,sentinel_data_20260911_182814.csv,3617288,3639869,22.581,247.0,28.1,70.2,0,235.1,7.980601481091511,224.0,247.0,23.0,23.0,0.6546130898462504,28.139999999999997,0.048989794855662516,-0.09999999999999787,-0.0043479836225949284,70.13000000000002,0.10999999999999957,0.29999999999999716,0.012319286930685914,0,0.0,normal,0,recovery
run_3,sentinel_data_20260911_182814.csv,3619797,3642378,22.581,244.0,28.0,70.3,0,237.1,7.4357245780085215,224.0,247.0,23.0,16.0,0.5531601386523667,28.119999999999997,0.05999999999999943,-0.10000000000000142,-0.005797311496793315,70.17,0.09000000000000088,0.29999999999999716,0.009903740473688784,0,0.0,normal,0,recovery
run_3,sentinel_data_20260911_182814.csv,3622306,3644887,22.581,234.0,28.1,70.5,0,237.7,6.9,224.0,247.0,23.0,-2.0,0.24397019215672058,28.119999999999997,0.05999999999999943,-0.09999999999999787,-0.006763530079592172,70.22,0.11661903789690718,0.4000000000000057,0.012560841576385796,0,0.0,normal,0,recovery
run_3,sentinel_data_20260911_182814.csv,3624815,3647395,22.58,235.0,28.1,70.4,0,237.6,6.931089380465383,224.0,247.0,23.0,-2.0,0.14011279265820897,28.110000000000003,0.05385164807134461,-0.09999999999999787,-0.005072848862487387,70.25,0.12041594578792437,0.20000000000000284,0.013285794328820913,0,0.0,normal,0,recovery
run_3,sentinel_data_20260911_182814.csv,3627324,3649904,22.58,233.0,28.1,70.5,0,237.2,7.068238818828917,224.0,247.0,23.0,-7.0,0.024169655983387,28.1,0.044721359549995635,-0.09999999999999787,-0.0028988798155895204,70.28,0.14000000000000137,0.4000000000000057,0.017392624171113483,0,0.0,normal,0,recovery
run_3,sentinel_data_20260911_182814.csv,3629833,3652413,22.58,230.0,28.1,70.4,0,236.2,7.30479294709987,224.0,247.0,23.0,6.0,-0.057958584446342366,28.090000000000003,0.030000000000000426,0.0,-0.0002416369246621682,70.31,0.13000000000000103,0.30000000000001137,0.015218774170119761,0,0.0,normal,0,recovery
run_3,sentinel_data_20260911_182814.csv,3632342,3654922,22.58,231.0,28.1,70.4,0,236.9,6.378871373526825,229.0,247.0,18.0,-14.0,-0.49520862456957704,28.090000000000003,0.030000000000000426,0.0,0.0002415056260366713,70.34,0.11135528725660049,0.20000000000000284,0.011595312700977363,0,0.0,normal,0,recovery
run_3,sentinel_data_20260911_182814.csv,3634851,3657431,22.58,229.0,28.1,70.5,0,235.3,6.1489836558572835,229.0,247.0,18.0,0.0,-0.45172612170671367,28.090000000000003,0.030000000000000426,0.0,0.0007246551802562051,70.36999999999999,0.10999999999999995,0.20000000000000284,0.011353765643780333,0,0.0,normal,0,recovery
run_3,sentinel_data_20260911_182814.csv,3637360,3659940,22.58,227.0,28.1,70.5,0,235.1,6.378871373526825,227.0,247.0,20.0,-14.0,-0.7995892899978182,28.090000000000003,0.030000000000000426,0.0,0.0012077977321899357,70.39000000000001,0.1135781669160049,0.29999999999999716,0.01232002215194903,0,0.0,normal,0,recovery
